,timestamp,kwh,Building_Name
0,2025-11-01 00:00:00,57,A_block
1,2025-11-01 01:00:00,54,A_block
2,2025-11-01 02:00:00,51,A_block
3,2025-11-01 03:00:00,59,A_block
4,2025-11-01 04:00:00,53,A_block
5,2025-11-01 05:00:00,56,A_block
6,2025-11-01 06:00:00,59,A_block
7,2025-11-01 07:00:00,57,A_block
8,2025-11-01 08:00:00,57,A_block
9,2025-11-01 09:00:00,64,A_block
10,2025-11-01 10:00:00,60,A_block
11,2025-11-01 11:00:00,65,A_block
12,2025-11-01 12:00:00,79,A_block
13,2025-11-01 13:00:00,67,A_block
14,2025-11-01 14:00:00,78,A_block
15,2025-11-01 15:00:00,62,A_block
16,2025-11-01 16:00:00,66,A_block
17,2025-11-01 17:00:00,78,A_block
18,2025-11-01 18:00:00,73,A_block
19,2025-11-01 19:00:00,53,A_block
20,2025-11-01 20:00:00,56,A_block
21,2025-11-01 21:00:00,54,A_block
22,2025-11-01 22:00:00,54,A_block
23,2025-11-01 23:00:00,53,A_block
24,2025-11-02 00:00:00,55,A_block
25,2025-11-02 01:00:00,53,A_block
26,2025-11-02 02:00:00,57,A_block
27,2025-11-02 03:00:00,54,A_block
28,2025-11-02 04:00:00,51,A_block
29,2025-11-02 05:00:00,52,A_block
30,2025-11-02 06:00:00,50,A_block
31,2025-11-02 07:00:00,53,A_block
32,2025-11-02 08:00:00,56,A_block
33,2025-11-02 09:00:00,76,A_block
34,2025-11-02 10:00:00,70,A_block
35,2025-11-02 11:00:00,66,A_block
36,2025-11-02 12:00:00,73,A_block
37,2025-11-02 13:00:00,74,A_block
38,2025-11-02 14:00:00,72,A_block
39,2025-11-02 15:00:00,62,A_block
40,2025-11-02 16:00:00,68,A_block
41,2025-11-02 17:00:00,69,A_block
42,2025-11-02 18:00:00,60,A_block
43,2025-11-02 19:00:00,59,A_block
44,2025-11-02 20:00:00,53,A_block
45,2025-11-02 21:00:00,51,A_block
46,2025-11-02 22:00:00,55,A_block
47,2025-11-02 23:00:00,55,A_block
48,2025-11-03 00:00:00,56,A_block
49,2025-11-03 01:00:00,54,A_block
50,2025-11-03 02:00:00,56,A_block
51,2025-11-03 03:00:00,54,A_block
52,2025-11-03 04:00:00,54,A_block
53,2025-11-03 05:00:00,54,A_block
54,2025-11-03 06:00:00,56,A_block
55,2025-11-03 07:00:00,55,A_block
56,2025-11-03 08:00:00,53,A_block
57,2025-11-03 09:00:00,76,A_block
58,2025-11-03 10:00:00,71,A_block
59,2025-11-03 11:00:00,60,A_block
60,2025-11-03 12:00:00,61,A_block
61,2025-11-03 13:00:00,73,A_block
62,2025-11-03 14:00:00,73,A_block
63,2025-11-03 15:00:00,60,A_block
64,2025-11-03 16:00:00,67,A_block
65,2025-11-03 17:00:00,76,A_block
66,2025-11-03 18:00:00,68,A_block
67,2025-11-03 19:00:00,51,A_block
68,2025-11-03 20:00:00,58,A_block
69,2025-11-03 21:00:00,55,A_block
70,2025-11-03 22:00:00,56,A_block
71,2025-11-03 23:00:00,55,A_block
72,2025-11-04 00:00:00,59,A_block
73,2025-11-04 01:00:00,53,A_block
74,2025-11-04 02:00:00,59,A_block
75,2025-11-04 03:00:00,54,A_block
76,2025-11-04 04:00:00,53,A_block
77,2025-11-04 05:00:00,59,A_block
78,2025-11-04 06:00:00,51,A_block
79,2025-11-04 07:00:00,54,A_block
80,2025-11-04 08:00:00,54,A_block
81,2025-11-04 09:00:00,74,A_block
82,2025-11-04 10:00:00,60,A_block
83,2025-11-04 11:00:00,74,A_block
84,2025-11-04 12:00:00,72,A_block
85,2025-11-04 13:00:00,78,A_block
86,2025-11-04 14:00:00,73,A_block
87,2025-11-04 15:00:00,70,A_block
88,2025-11-04 16:00:00,69,A_block
89,2025-11-04 17:00:00,72,A_block
90,2025-11-04 18:00:00,71,A_block
91,2025-11-04 19:00:00,56,A_block
92,2025-11-04 20:00:00,57,A_block
93,2025-11-04 21:00:00,51,A_block
94,2025-11-04 22:00:00,52,A_block
95,2025-11-04 23:00:00,53,A_block
96,2025-11-05 00:00:00,51,A_block
97,2025-11-05 01:00:00,53,A_block
98,2025-11-05 02:00:00,53,A_block
99,2025-11-05 03:00:00,52,A_block
100,2025-11-05 04:00:00,58,A_block
101,2025-11-05 05:00:00,57,A_block
102,2025-11-05 06:00:00,57,A_block
103,2025-11-05 07:00:00,59,A_block
104,2025-11-05 08:00:00,53,A_block
105,2025-11-05 09:00:00,71,A_block
106,2025-11-05 10:00:00,63,A_block
107,2025-11-05 11:00:00,77,A_block
108,2025-11-05 12:00:00,66,A_block
109,2025-11-05 13:00:00,0,A_block
110,2025-11-05 14:00:00,66,A_block
111,2025-11-05 15:00:00,63,A_block
112,2025-11-05 16:00:00,73,A_block
113,2025-11-05 17:00:00,61,A_block
114,2025-11-05 18:00:00,62,A_block
115,2025-11-05 19:00:00,59,A_block
116,2025-11-05 20:00:00,57,A_block
117,2025-11-05 21:00:00,56,A_block
118,2025-11-05 22:00:00,58,A_block
119,2025-11-05 23:00:00,56,A_block
120,2025-11-06 00:00:00,56,A_block
121,2025-11-06 01:00:00,55,A_block
122,2025-11-06 02:00:00,54,A_block
123,2025-11-06 03:00:00,50,A_block
124,2025-11-06 04:00:00,56,A_block
125,2025-11-06 05:00:00,50,A_block
126,2025-11-06 06:00:00,57,A_block
127,2025-11-06 07:00:00,58,A_block
128,2025-11-06 08:00:00,52,A_block
129,2025-11-06 09:00:00,66,A_block
130,2025-11-06 10:00:00,70,A_block
131,2025-11-06 11:00:00,79,A_block
132,2025-11-06 12:00:00,69,A_block
133,2025-11-06 13:00:00,67,A_block
134,2025-11-06 14:00:00,71,A_block
135,2025-11-06 15:00:00,64,A_block
136,2025-11-06 16:00:00,76,A_block
137,2025-11-06 17:00:00,62,A_block
138,2025-11-06 18:00:00,68,A_block
139,2025-11-06 19:00:00,54,A_block
140,2025-11-06 20:00:00,53,A_block
141,2025-11-06 21:00:00,56,A_block
142,2025-11-06 22:00:00,54,A_block
143,2025-11-06 23:00:00,50,A_block
144,2025-11-07 00:00:00,51,A_block
145,2025-11-07 01:00:00,58,A_block
146,2025-11-07 02:00:00,54,A_block
147,2025-11-07 03:00:00,58,A_block
148,2025-11-07 04:00:00,51,A_block
149,2025-11-07 05:00:00,58,A_block
150,2025-11-07 06:00:00,50,A_block
151,2025-11-07 07:00:00,53,A_block
152,2025-11-07 08:00:00,57,A_block
153,2025-11-07 09:00:00,73,A_block
154,2025-11-07 10:00:00,66,A_block
155,2025-11-07 11:00:00,70,A_block
156,2025-11-07 12:00:00,67,A_block
157,2025-11-07 13:00:00,78,A_block
158,2025-11-07 14:00:00,66,A_block
159,2025-11-07 15:00:00,66,A_block
160,2025-11-07 16:00:00,73,A_block
161,2025-11-07 17:00:00,75,A_block
162,2025-11-07 18:00:00,78,A_block
163,2025-11-07 19:00:00,54,A_block
164,2025-11-07 20:00:00,58,A_block
165,2025-11-07 21:00:00,58,A_block
166,2025-11-07 22:00:00,53,A_block
167,2025-11-07 23:00:00,58,A_block
168,2025-11-08 00:00:00,57,A_block
169,2025-11-08 01:00:00,53,A_block
170,2025-11-08 02:00:00,55,A_block
171,2025-11-08 03:00:00,59,A_block
172,2025-11-08 04:00:00,54,A_block
173,2025-11-08 05:00:00,52,A_block
174,2025-11-08 06:00:00,54,A_block
175,2025-11-08 07:00:00,53,A_block
176,2025-11-08 08:00:00,54,A_block
177,2025-11-08 09:00:00,64,A_block
178,2025-11-08 10:00:00,74,A_block
179,2025-11-08 11:00:00,74,A_block
180,2025-11-08 12:00:00,62,A_block
181,2025-11-08 13:00:00,62,A_block
182,2025-11-08 14:00:00,69,A_block
183,2025-11-08 15:00:00,60,A_block
184,2025-11-08 16:00:00,64,A_block
185,2025-11-08 17:00:00,79,A_block
186,2025-11-08 18:00:00,64,A_block
187,2025-11-08 19:00:00,55,A_block
188,2025-11-08 20:00:00,51,A_block
189,2025-11-08 21:00:00,53,A_block
190,2025-11-08 22:00:00,50,A_block
191,2025-11-08 23:00:00,53,A_block
192,2025-11-09 00:00:00,58,A_block
193,2025-11-09 01:00:00,52,A_block
194,2025-11-09 02:00:00,55,A_block
195,2025-11-09 03:00:00,55,A_block
196,2025-11-09 04:00:00,58,A_block
197,2025-11-09 05:00:00,56,A_block
198,2025-11-09 06:00:00,52,A_block
199,2025-11-09 07:00:00,56,A_block
200,2025-11-09 08:00:00,54,A_block
201,2025-11-09 09:00:00,62,A_block
202,2025-11-09 10:00:00,60,A_block
203,2025-11-09 11:00:00,65,A_block
204,2025-11-09 12:00:00,64,A_block
205,2025-11-09 13:00:00,78,A_block
206,2025-11-09 14:00:00,71,A_block
207,2025-11-09 15:00:00,71,A_block
208,2025-11-09 16:00:00,64,A_block
209,2025-11-09 17:00:00,66,A_block
210,2025-11-09 18:00:00,66,A_block
211,2025-11-09 19:00:00,55,A_block
212,2025-11-09 20:00:00,56,A_block
213,2025-11-09 21:00:00,54,A_block
214,2025-11-09 22:00:00,54,A_block
215,2025-11-09 23:00:00,58,A_block
216,2025-11-10 00:00:00,51,A_block
217,2025-11-10 01:00:00,55,A_block
218,2025-11-10 02:00:00,56,A_block
219,2025-11-10 03:00:00,51,A_block
220,2025-11-10 04:00:00,57,A_block
221,2025-11-10 05:00:00,50,A_block
222,2025-11-10 06:00:00,51,A_block
223,2025-11-10 07:00:00,52,A_block
224,2025-11-10 08:00:00,58,A_block
225,2025-11-10 09:00:00,70,A_block
226,2025-11-10 10:00:00,76,A_block
227,2025-11-10 11:00:00,76,A_block
228,2025-11-10 12:00:00,69,A_block
229,2025-11-10 13:00:00,64,A_block
230,2025-11-10 14:00:00,67,A_block
231,2025-11-10 15:00:00,73,A_block
232,2025-11-10 16:00:00,67,A_block
233,2025-11-10 17:00:00,66,A_block
234,2025-11-10 18:00:00,74,A_block
235,2025-11-10 19:00:00,51,A_block
236,2025-11-10 20:00:00,54,A_block
237,2025-11-10 21:00:00,53,A_block
238,2025-11-10 22:00:00,50,A_block
239,2025-11-10 23:00:00,59,A_block
240,2025-11-11 00:00:00,58,A_block
241,2025-11-11 01:00:00,50,A_block
242,2025-11-11 02:00:00,50,A_block
243,2025-11-11 03:00:00,59,A_block
244,2025-11-11 04:00:00,51,A_block
245,2025-11-11 05:00:00,59,A_block
246,2025-11-11 06:00:00,56,A_block
247,2025-11-11 07:00:00,55,A_block
248,2025-11-11 08:00:00,55,A_block
249,2025-11-11 09:00:00,71,A_block
250,2025-11-11 10:00:00,73,A_block
251,2025-11-11 11:00:00,77,A_block
252,2025-11-11 12:00:00,74,A_block
253,2025-11-11 13:00:00,75,A_block
254,2025-11-11 14:00:00,63,A_block
255,2025-11-11 15:00:00,67,A_block
256,2025-11-11 16:00:00,67,A_block
257,2025-11-11 17:00:00,63,A_block
258,2025-11-11 18:00:00,79,A_block
259,2025-11-11 19:00:00,51,A_block
260,2025-11-11 20:00:00,58,A_block
261,2025-11-11 21:00:00,58,A_block
262,2025-11-11 22:00:00,51,A_block
263,2025-11-11 23:00:00,54,A_block
264,2025-11-12 00:00:00,58,A_block
265,2025-11-12 01:00:00,50,A_block
266,2025-11-12 02:00:00,57,A_block
267,2025-11-12 03:00:00,59,A_block
268,2025-11-12 04:00:00,54,A_block
269,2025-11-12 05:00:00,56,A_block
270,2025-11-12 06:00:00,50,A_block
271,2025-11-12 07:00:00,56,A_block
272,2025-11-12 08:00:00,57,A_block
273,2025-11-12 09:00:00,75,A_block
274,2025-11-12 10:00:00,75,A_block
275,2025-11-12 11:00:00,72,A_block
276,2025-11-12 12:00:00,69,A_block
277,2025-11-12 13:00:00,61,A_block
278,2025-11-12 14:00:00,68,A_block
279,2025-11-12 15:00:00,60,A_block
280,2025-11-12 16:00:00,79,A_block
281,2025-11-12 17:00:00,68,A_block
282,2025-11-12 18:00:00,75,A_block
283,2025-11-12 19:00:00,52,A_block
284,2025-11-12 20:00:00,52,A_block
285,2025-11-12 21:00:00,53,A_block
286,2025-11-12 22:00:00,53,A_block
287,2025-11-12 23:00:00,53,A_block
288,2025-11-13 00:00:00,55,A_block
289,2025-11-13 01:00:00,56,A_block
290,2025-11-13 02:00:00,54,A_block
291,2025-11-13 03:00:00,59,A_block
292,2025-11-13 04:00:00,52,A_block
293,2025-11-13 05:00:00,55,A_block
294,2025-11-13 06:00:00,53,A_block
295,2025-11-13 07:00:00,59,A_block
296,2025-11-13 08:00:00,50,A_block
297,2025-11-13 09:00:00,61,A_block
298,2025-11-13 10:00:00,74,A_block
299,2025-11-13 11:00:00,64,A_block
300,2025-11-13 12:00:00,75,A_block
301,2025-11-13 13:00:00,70,A_block
302,2025-11-13 14:00:00,67,A_block
303,2025-11-13 15:00:00,67,A_block
304,2025-11-13 16:00:00,73,A_block
305,2025-11-13 17:00:00,62,A_block
306,2025-11-13 18:00:00,74,A_block
307,2025-11-13 19:00:00,57,A_block
308,2025-11-13 20:00:00,52,A_block
309,2025-11-13 21:00:00,53,A_block
310,2025-11-13 22:00:00,57,A_block
311,2025-11-13 23:00:00,54,A_block
312,2025-11-14 00:00:00,56,A_block
313,2025-11-14 01:00:00,50,A_block
314,2025-11-14 02:00:00,55,A_block
315,2025-11-14 03:00:00,50,A_block
316,2025-11-14 04:00:00,58,A_block
317,2025-11-14 05:00:00,54,A_block
318,2025-11-14 06:00:00,51,A_block
319,2025-11-14 07:00:00,52,A_block
320,2025-11-14 08:00:00,57,A_block
321,2025-11-14 09:00:00,63,A_block
322,2025-11-14 10:00:00,79,A_block
323,2025-11-14 11:00:00,64,A_block
324,2025-11-14 12:00:00,71,A_block
325,2025-11-14 13:00:00,77,A_block
326,2025-11-14 14:00:00,68,A_block
327,2025-11-14 15:00:00,78,A_block
328,2025-11-14 16:00:00,63,A_block
329,2025-11-14 17:00:00,66,A_block
330,2025-11-14 18:00:00,66,A_block
331,2025-11-14 19:00:00,57,A_block
332,2025-11-14 20:00:00,57,A_block
333,2025-11-14 21:00:00,56,A_block
334,2025-11-14 22:00:00,57,A_block
335,2025-11-14 23:00:00,51,A_block
336,2025-11-15 00:00:00,54,A_block
337,2025-11-15 01:00:00,51,A_block
338,2025-11-15 02:00:00,55,A_block
339,2025-11-15 03:00:00,55,A_block
340,2025-11-15 04:00:00,54,A_block
341,2025-11-15 05:00:00,59,A_block
342,2025-11-15 06:00:00,56,A_block
343,2025-11-15 07:00:00,56,A_block
344,2025-11-15 08:00:00,53,A_block
345,2025-11-15 09:00:00,67,A_block
346,2025-11-15 10:00:00,69,A_block
347,2025-11-15 11:00:00,77,A_block
348,2025-11-15 12:00:00,71,A_block
349,2025-11-15 13:00:00,76,A_block
350,2025-11-15 14:00:00,77,A_block
351,2025-11-15 15:00:00,72,A_block
352,2025-11-15 16:00:00,76,A_block
353,2025-11-15 17:00:00,75,A_block
354,2025-11-15 18:00:00,60,A_block
355,2025-11-15 19:00:00,57,A_block
356,2025-11-15 20:00:00,51,A_block
357,2025-11-15 21:00:00,54,A_block
358,2025-11-15 22:00:00,59,A_block
359,2025-11-15 23:00:00,55,A_block
360,2025-11-16 00:00:00,57,A_block
361,2025-11-16 01:00:00,58,A_block
362,2025-11-16 02:00:00,58,A_block
363,2025-11-16 03:00:00,54,A_block
364,2025-11-16 04:00:00,52,A_block
365,2025-11-16 05:00:00,57,A_block
366,2025-11-16 06:00:00,57,A_block
367,2025-11-16 07:00:00,58,A_block
368,2025-11-16 08:00:00,52,A_block
369,2025-11-16 09:00:00,74,A_block
370,2025-11-16 10:00:00,67,A_block
371,2025-11-16 11:00:00,68,A_block
372,2025-11-16 12:00:00,78,A_block
373,2025-11-16 13:00:00,60,A_block
374,2025-11-16 14:00:00,71,A_block
375,2025-11-16 15:00:00,69,A_block
376,2025-11-16 16:00:00,78,A_block
377,2025-11-16 17:00:00,69,A_block
378,2025-11-16 18:00:00,78,A_block
379,2025-11-16 19:00:00,52,A_block
380,2025-11-16 20:00:00,52,A_block
381,2025-11-16 21:00:00,53,A_block
382,2025-11-16 22:00:00,55,A_block
383,2025-11-16 23:00:00,58,A_block
384,2025-11-17 00:00:00,59,A_block
385,2025-11-17 01:00:00,59,A_block
386,2025-11-17 02:00:00,52,A_block
387,2025-11-17 03:00:00,52,A_block
388,2025-11-17 04:00:00,59,A_block
389,2025-11-17 05:00:00,52,A_block
390,2025-11-17 06:00:00,54,A_block
391,2025-11-17 07:00:00,52,A_block
392,2025-11-17 08:00:00,58,A_block
393,2025-11-17 09:00:00,79,A_block
394,2025-11-17 10:00:00,67,A_block
395,2025-11-17 11:00:00,78,A_block
396,2025-11-17 12:00:00,76,A_block
397,2025-11-17 13:00:00,65,A_block
398,2025-11-17 14:00:00,61,A_block
399,2025-11-17 15:00:00,77,A_block
400,2025-11-17 16:00:00,68,A_block
401,2025-11-17 17:00:00,70,A_block
402,2025-11-17 18:00:00,78,A_block
403,2025-11-17 19:00:00,50,A_block
404,2025-11-17 20:00:00,52,A_block
405,2025-11-17 21:00:00,57,A_block
406,2025-11-17 22:00:00,54,A_block
407,2025-11-17 23:00:00,58,A_block
408,2025-11-18 00:00:00,50,A_block
409,2025-11-18 01:00:00,53,A_block
410,2025-11-18 02:00:00,56,A_block
411,2025-11-18 03:00:00,50,A_block
412,2025-11-18 04:00:00,55,A_block
413,2025-11-18 05:00:00,55,A_block
414,2025-11-18 06:00:00,56,A_block
415,2025-11-18 07:00:00,58,A_block
416,2025-11-18 08:00:00,56,A_block
417,2025-11-18 09:00:00,77,A_block
418,2025-11-18 10:00:00,76,A_block
419,2025-11-18 11:00:00,71,A_block
420,2025-11-18 12:00:00,74,A_block
421,2025-11-18 13:00:00,68,A_block
422,2025-11-18 14:00:00,64,A_block
423,2025-11-18 15:00:00,64,A_block
424,2025-11-18 16:00:00,69,A_block
425,2025-11-18 17:00:00,74,A_block
426,2025-11-18 18:00:00,74,A_block
427,2025-11-18 19:00:00,58,A_block
428,2025-11-18 20:00:00,51,A_block
429,2025-11-18 21:00:00,55,A_block
430,2025-11-18 22:00:00,50,A_block
431,2025-11-18 23:00:00,55,A_block
432,2025-11-19 00:00:00,52,A_block
433,2025-11-19 01:00:00,52,A_block
434,2025-11-19 02:00:00,53,A_block
435,2025-11-19 03:00:00,54,A_block
436,2025-11-19 04:00:00,54,A_block
437,2025-11-19 05:00:00,50,A_block
438,2025-11-19 06:00:00,55,A_block
439,2025-11-19 07:00:00,54,A_block
440,2025-11-19 08:00:00,52,A_block
441,2025-11-19 09:00:00,75,A_block
442,2025-11-19 10:00:00,60,A_block
443,2025-11-19 11:00:00,72,A_block
444,2025-11-19 12:00:00,61,A_block
445,2025-11-19 13:00:00,65,A_block
446,2025-11-19 14:00:00,71,A_block
447,2025-11-19 15:00:00,75,A_block
448,2025-11-19 16:00:00,65,A_block
449,2025-11-19 17:00:00,61,A_block
450,2025-11-19 18:00:00,70,A_block
451,2025-11-19 19:00:00,52,A_block
452,2025-11-19 20:00:00,51,A_block
453,2025-11-19 21:00:00,57,A_block
454,2025-11-19 22:00:00,52,A_block
455,2025-11-19 23:00:00,53,A_block
456,2025-11-20 00:00:00,59,A_block
457,2025-11-20 01:00:00,50,A_block
458,2025-11-20 02:00:00,57,A_block
459,2025-11-20 03:00:00,53,A_block
460,2025-11-20 04:00:00,51,A_block
461,2025-11-20 05:00:00,54,A_block
462,2025-11-20 06:00:00,54,A_block
463,2025-11-20 07:00:00,56,A_block
464,2025-11-20 08:00:00,53,A_block
465,2025-11-20 09:00:00,60,A_block
466,2025-11-20 10:00:00,72,A_block
467,2025-11-20 11:00:00,66,A_block
468,2025-11-20 12:00:00,79,A_block
469,2025-11-20 13:00:00,71,A_block
470,2025-11-20 14:00:00,73,A_block
471,2025-11-20 15:00:00,63,A_block
472,2025-11-20 16:00:00,76,A_block
473,2025-11-20 17:00:00,76,A_block
474,2025-11-20 18:00:00,76,A_block
475,2025-11-20 19:00:00,57,A_block
476,2025-11-20 20:00:00,58,A_block
477,2025-11-20 21:00:00,55,A_block
478,2025-11-20 22:00:00,58,A_block
479,2025-11-20 23:00:00,58,A_block
480,2025-11-21 00:00:00,52,A_block
481,2025-11-21 01:00:00,55,A_block
482,2025-11-21 02:00:00,50,A_block
483,2025-11-21 03:00:00,56,A_block
484,2025-11-21 04:00:00,54,A_block
485,2025-11-21 05:00:00,56,A_block
486,2025-11-21 06:00:00,57,A_block
487,2025-11-21 07:00:00,53,A_block
488,2025-11-21 08:00:00,58,A_block
489,2025-11-21 09:00:00,71,A_block
490,2025-11-21 10:00:00,66,A_block
491,2025-11-21 11:00:00,73,A_block
492,2025-11-21 12:00:00,65,A_block
493,2025-11-21 13:00:00,68,A_block
494,2025-11-21 14:00:00,67,A_block
495,2025-11-21 15:00:00,73,A_block
496,2025-11-21 16:00:00,61,A_block
497,2025-11-21 17:00:00,71,A_block
498,2025-11-21 18:00:00,62,A_block
499,2025-11-21 19:00:00,52,A_block
500,2025-11-21 20:00:00,55,A_block
501,2025-11-21 21:00:00,54,A_block
502,2025-11-21 22:00:00,54,A_block
503,2025-11-21 23:00:00,54,A_block
504,2025-11-22 00:00:00,57,A_block
505,2025-11-22 01:00:00,50,A_block
506,2025-11-22 02:00:00,53,A_block
507,2025-11-22 03:00:00,56,A_block
508,2025-11-22 04:00:00,51,A_block
509,2025-11-22 05:00:00,54,A_block
510,2025-11-22 06:00:00,53,A_block
511,2025-11-22 07:00:00,52,A_block
512,2025-11-22 08:00:00,55,A_block
513,2025-11-22 09:00:00,62,A_block
514,2025-11-22 10:00:00,77,A_block
515,2025-11-22 11:00:00,67,A_block
516,2025-11-22 12:00:00,73,A_block
517,2025-11-22 13:00:00,72,A_block
518,2025-11-22 14:00:00,77,A_block
519,2025-11-22 15:00:00,65,A_block
520,2025-11-22 16:00:00,72,A_block
521,2025-11-22 17:00:00,76,A_block
522,2025-11-22 18:00:00,71,A_block
523,2025-11-22 19:00:00,59,A_block
524,2025-11-22 20:00:00,54,A_block
525,2025-11-22 21:00:00,56,A_block
526,2025-11-22 22:00:00,57,A_block
527,2025-11-22 23:00:00,52,A_block
528,2025-11-23 00:00:00,52,A_block
529,2025-11-23 01:00:00,57,A_block
530,2025-11-23 02:00:00,58,A_block
531,2025-11-23 03:00:00,52,A_block
532,2025-11-23 04:00:00,51,A_block
533,2025-11-23 05:00:00,59,A_block
534,2025-11-23 06:00:00,57,A_block
535,2025-11-23 07:00:00,54,A_block
536,2025-11-23 08:00:00,56,A_block
537,2025-11-23 09:00:00,0,A_block
538,2025-11-23 10:00:00,69,A_block
539,2025-11-23 11:00:00,64,A_block
540,2025-11-23 12:00:00,60,A_block
541,2025-11-23 13:00:00,69,A_block
542,2025-11-23 14:00:00,75,A_block
543,2025-11-23 15:00:00,74,A_block
544,2025-11-23 16:00:00,67,A_block
545,2025-11-23 17:00:00,66,A_block
546,2025-11-23 18:00:00,71,A_block
547,2025-11-23 19:00:00,56,A_block
548,2025-11-23 20:00:00,51,A_block
549,2025-11-23 21:00:00,52,A_block
550,2025-11-23 22:00:00,57,A_block
551,2025-11-23 23:00:00,59,A_block
552,2025-11-24 00:00:00,58,A_block
553,2025-11-24 01:00:00,51,A_block
554,2025-11-24 02:00:00,59,A_block
555,2025-11-24 03:00:00,59,A_block
556,2025-11-24 04:00:00,57,A_block
557,2025-11-24 05:00:00,59,A_block
558,2025-11-24 06:00:00,55,A_block
559,2025-11-24 07:00:00,58,A_block
560,2025-11-24 08:00:00,50,A_block
561,2025-11-24 09:00:00,65,A_block
562,2025-11-24 10:00:00,62,A_block
563,2025-11-24 11:00:00,64,A_block
564,2025-11-24 12:00:00,63,A_block
565,2025-11-24 13:00:00,79,A_block
566,2025-11-24 14:00:00,76,A_block
567,2025-11-24 15:00:00,75,A_block
568,2025-11-24 16:00:00,65,A_block
569,2025-11-24 17:00:00,65,A_block
570,2025-11-24 18:00:00,74,A_block
571,2025-11-24 19:00:00,55,A_block
572,2025-11-24 20:00:00,55,A_block
573,2025-11-24 21:00:00,51,A_block
574,2025-11-24 22:00:00,56,A_block
575,2025-11-24 23:00:00,52,A_block
576,2025-11-25 00:00:00,53,A_block
577,2025-11-25 01:00:00,51,A_block
578,2025-11-25 02:00:00,53,A_block
579,2025-11-25 03:00:00,50,A_block
580,2025-11-25 04:00:00,51,A_block
581,2025-11-25 05:00:00,55,A_block
582,2025-11-25 06:00:00,57,A_block
583,2025-11-25 07:00:00,54,A_block
584,2025-11-25 08:00:00,56,A_block
585,2025-11-25 09:00:00,78,A_block
586,2025-11-25 10:00:00,67,A_block
587,2025-11-25 11:00:00,63,A_block
588,2025-11-25 12:00:00,61,A_block
589,2025-11-25 13:00:00,60,A_block
590,2025-11-25 14:00:00,75,A_block
591,2025-11-25 15:00:00,66,A_block
592,2025-11-25 16:00:00,73,A_block
593,2025-11-25 17:00:00,67,A_block
594,2025-11-25 18:00:00,60,A_block
595,2025-11-25 19:00:00,58,A_block
596,2025-11-25 20:00:00,59,A_block
597,2025-11-25 21:00:00,54,A_block
598,2025-11-25 22:00:00,56,A_block
599,2025-11-25 23:00:00,50,A_block
600,2025-11-26 00:00:00,59,A_block
601,2025-11-26 01:00:00,50,A_block
602,2025-11-26 02:00:00,56,A_block
603,2025-11-26 03:00:00,56,A_block
604,2025-11-26 04:00:00,50,A_block
605,2025-11-26 05:00:00,58,A_block
606,2025-11-26 06:00:00,53,A_block
607,2025-11-26 07:00:00,54,A_block
608,2025-11-26 08:00:00,58,A_block
609,2025-11-26 09:00:00,63,A_block
610,2025-11-26 10:00:00,63,A_block
611,2025-11-26 11:00:00,63,A_block
612,2025-11-26 12:00:00,62,A_block
613,2025-11-26 13:00:00,66,A_block
614,2025-11-26 14:00:00,72,A_block
615,2025-11-26 15:00:00,64,A_block
616,2025-11-26 16:00:00,72,A_block
617,2025-11-26 17:00:00,72,A_block
618,2025-11-26 18:00:00,65,A_block
619,2025-11-26 19:00:00,56,A_block
620,2025-11-26 20:00:00,50,A_block
621,2025-11-26 21:00:00,58,A_block
622,2025-11-26 22:00:00,51,A_block
623,2025-11-26 23:00:00,51,A_block
624,2025-11-27 00:00:00,54,A_block
625,2025-11-27 01:00:00,59,A_block
626,2025-11-27 02:00:00,50,A_block
627,2025-11-27 03:00:00,57,A_block
628,2025-11-27 04:00:00,58,A_block
629,2025-11-27 05:00:00,53,A_block
630,2025-11-27 06:00:00,52,A_block
631,2025-11-27 07:00:00,56,A_block
632,2025-11-27 08:00:00,59,A_block
633,2025-11-27 09:00:00,75,A_block
634,2025-11-27 10:00:00,69,A_block
635,2025-11-27 11:00:00,60,A_block
636,2025-11-27 12:00:00,77,A_block
637,2025-11-27 13:00:00,79,A_block
638,2025-11-27 14:00:00,63,A_block
639,2025-11-27 15:00:00,64,A_block
640,2025-11-27 16:00:00,76,A_block
641,2025-11-27 17:00:00,69,A_block
642,2025-11-27 18:00:00,70,A_block
643,2025-11-27 19:00:00,51,A_block
644,2025-11-27 20:00:00,58,A_block
645,2025-11-27 21:00:00,53,A_block
646,2025-11-27 22:00:00,51,A_block
647,2025-11-27 23:00:00,58,A_block
648,2025-11-28 00:00:00,56,A_block
649,2025-11-28 01:00:00,57,A_block
650,2025-11-28 02:00:00,50,A_block
651,2025-11-28 03:00:00,54,A_block
652,2025-11-28 04:00:00,56,A_block
653,2025-11-28 05:00:00,53,A_block
654,2025-11-28 06:00:00,57,A_block
655,2025-11-28 07:00:00,59,A_block
656,2025-11-28 08:00:00,56,A_block
657,2025-11-28 09:00:00,67,A_block
658,2025-11-28 10:00:00,69,A_block
659,2025-11-28 11:00:00,63,A_block
660,2025-11-28 12:00:00,77,A_block
661,2025-11-28 13:00:00,76,A_block
662,2025-11-28 14:00:00,67,A_block
663,2025-11-28 15:00:00,79,A_block
664,2025-11-28 16:00:00,61,A_block
665,2025-11-28 17:00:00,67,A_block
666,2025-11-28 18:00:00,75,A_block
667,2025-11-28 19:00:00,52,A_block
668,2025-11-28 20:00:00,51,A_block
669,2025-11-28 21:00:00,55,A_block
670,2025-11-28 22:00:00,52,A_block
671,2025-11-28 23:00:00,54,A_block
672,2025-11-29 00:00:00,51,A_block
673,2025-11-29 01:00:00,52,A_block
674,2025-11-29 02:00:00,54,A_block
675,2025-11-29 03:00:00,53,A_block
676,2025-11-29 04:00:00,56,A_block
677,2025-11-29 05:00:00,57,A_block
678,2025-11-29 06:00:00,59,A_block
679,2025-11-29 07:00:00,51,A_block
680,2025-11-29 08:00:00,54,A_block
681,2025-11-29 09:00:00,74,A_block
682,2025-11-29 10:00:00,69,A_block
683,2025-11-29 11:00:00,67,A_block
684,2025-11-29 12:00:00,77,A_block
685,2025-11-29 13:00:00,67,A_block
686,2025-11-29 14:00:00,74,A_block
687,2025-11-29 15:00:00,70,A_block
688,2025-11-29 16:00:00,61,A_block
689,2025-11-29 17:00:00,76,A_block
690,2025-11-29 18:00:00,70,A_block
691,2025-11-29 19:00:00,58,A_block
692,2025-11-29 20:00:00,59,A_block
693,2025-11-29 21:00:00,51,A_block
694,2025-11-29 22:00:00,51,A_block
695,2025-11-29 23:00:00,51,A_block
696,2025-11-30 00:00:00,56,A_block
697,2025-11-30 01:00:00,53,A_block
698,2025-11-30 02:00:00,53,A_block
699,2025-11-30 03:00:00,55,A_block
700,2025-11-30 04:00:00,53,A_block
701,2025-11-30 05:00:00,58,A_block
702,2025-11-30 06:00:00,56,A_block
703,2025-11-30 07:00:00,0,A_block
704,2025-11-30 08:00:00,53,A_block
705,2025-11-30 09:00:00,66,A_block
706,2025-11-30 10:00:00,69,A_block
707,2025-11-30 11:00:00,64,A_block
708,2025-11-30 12:00:00,62,A_block
709,2025-11-30 13:00:00,67,A_block
710,2025-11-30 14:00:00,63,A_block
711,2025-11-30 15:00:00,68,A_block
712,2025-11-30 16:00:00,62,A_block
713,2025-11-30 17:00:00,69,A_block
714,2025-11-30 18:00:00,74,A_block
715,2025-11-30 19:00:00,50,A_block
716,2025-11-30 20:00:00,54,A_block
717,2025-11-30 21:00:00,53,A_block
718,2025-11-30 22:00:00,52,A_block
719,2025-11-30 23:00:00,54,A_block
720,2025-11-01 00:00:00,46,B_block
721,2025-11-01 01:00:00,42,B_block
722,2025-11-01 02:00:00,42,B_block
723,2025-11-01 03:00:00,47,B_block
724,2025-11-01 04:00:00,45,B_block
725,2025-11-01 05:00:00,46,B_block
726,2025-11-01 06:00:00,49,B_block
727,2025-11-01 07:00:00,48,B_block
728,2025-11-01 08:00:00,47,B_block
729,2025-11-01 09:00:00,53,B_block
730,2025-11-01 10:00:00,51,B_block
731,2025-11-01 11:00:00,58,B_block
732,2025-11-01 12:00:00,58,B_block
733,2025-11-01 13:00:00,61,B_block
734,2025-11-01 14:00:00,59,B_block
735,2025-11-01 15:00:00,66,B_block
736,2025-11-01 16:00:00,52,B_block
737,2025-11-01 17:00:00,58,B_block
738,2025-11-01 18:00:00,63,B_block
739,2025-11-01 19:00:00,45,B_block
740,2025-11-01 20:00:00,46,B_block
741,2025-11-01 21:00:00,49,B_block
742,2025-11-01 22:00:00,46,B_block
743,2025-11-01 23:00:00,49,B_block
744,2025-11-02 00:00:00,0,B_block
745,2025-11-02 01:00:00,42,B_block
746,2025-11-02 02:00:00,41,B_block
747,2025-11-02 03:00:00,46,B_block
748,2025-11-02 04:00:00,40,B_block
749,2025-11-02 05:00:00,45,B_block
750,2025-11-02 06:00:00,46,B_block
751,2025-11-02 07:00:00,40,B_block
752,2025-11-02 08:00:00,44,B_block
753,2025-11-02 09:00:00,59,B_block
754,2025-11-02 10:00:00,57,B_block
755,2025-11-02 11:00:00,51,B_block
756,2025-11-02 12:00:00,62,B_block
757,2025-11-02 13:00:00,63,B_block
758,2025-11-02 14:00:00,54,B_block
759,2025-11-02 15:00:00,50,B_block
760,2025-11-02 16:00:00,60,B_block
761,2025-11-02 17:00:00,67,B_block
762,2025-11-02 18:00:00,66,B_block
763,2025-11-02 19:00:00,43,B_block
764,2025-11-02 20:00:00,45,B_block
765,2025-11-02 21:00:00,41,B_block
766,2025-11-02 22:00:00,47,B_block
767,2025-11-02 23:00:00,43,B_block
768,2025-11-03 00:00:00,41,B_block
769,2025-11-03 01:00:00,49,B_block
770,2025-11-03 02:00:00,41,B_block
771,2025-11-03 03:00:00,45,B_block
772,2025-11-03 04:00:00,48,B_block
773,2025-11-03 05:00:00,40,B_block
774,2025-11-03 06:00:00,41,B_block
775,2025-11-03 07:00:00,40,B_block
776,2025-11-03 08:00:00,40,B_block
777,2025-11-03 09:00:00,60,B_block
778,2025-11-03 10:00:00,68,B_block
779,2025-11-03 11:00:00,57,B_block
780,2025-11-03 12:00:00,57,B_block
781,2025-11-03 13:00:00,51,B_block
782,2025-11-03 14:00:00,57,B_block
783,2025-11-03 15:00:00,58,B_block
784,2025-11-03 16:00:00,51,B_block
785,2025-11-03 17:00:00,59,B_block
786,2025-11-03 18:00:00,68,B_block
787,2025-11-03 19:00:00,40,B_block
788,2025-11-03 20:00:00,41,B_block
789,2025-11-03 21:00:00,41,B_block
790,2025-11-03 22:00:00,45,B_block
791,2025-11-03 23:00:00,40,B_block
792,2025-11-04 00:00:00,43,B_block
793,2025-11-04 01:00:00,45,B_block
794,2025-11-04 02:00:00,48,B_block
795,2025-11-04 03:00:00,47,B_block
796,2025-11-04 04:00:00,44,B_block
797,2025-11-04 05:00:00,49,B_block
798,2025-11-04 06:00:00,42,B_block
799,2025-11-04 07:00:00,45,B_block
800,2025-11-04 08:00:00,46,B_block
801,2025-11-04 09:00:00,68,B_block
802,2025-11-04 10:00:00,54,B_block
803,2025-11-04 11:00:00,64,B_block
804,2025-11-04 12:00:00,55,B_block
805,2025-11-04 13:00:00,54,B_block
806,2025-11-04 14:00:00,67,B_block
807,2025-11-04 15:00:00,65,B_block
808,2025-11-04 16:00:00,67,B_block
809,2025-11-04 17:00:00,58,B_block
810,2025-11-04 18:00:00,62,B_block
811,2025-11-04 19:00:00,47,B_block
812,2025-11-04 20:00:00,44,B_block
813,2025-11-04 21:00:00,41,B_block
814,2025-11-04 22:00:00,45,B_block
815,2025-11-04 23:00:00,42,B_block
816,2025-11-05 00:00:00,41,B_block
817,2025-11-05 01:00:00,44,B_block
818,2025-11-05 02:00:00,45,B_block
819,2025-11-05 03:00:00,43,B_block
820,2025-11-05 04:00:00,43,B_block
821,2025-11-05 05:00:00,49,B_block
822,2025-11-05 06:00:00,45,B_block
823,2025-11-05 07:00:00,42,B_block
824,2025-11-05 08:00:00,47,B_block
825,2025-11-05 09:00:00,56,B_block
826,2025-11-05 10:00:00,68,B_block
827,2025-11-05 11:00:00,62,B_block
828,2025-11-05 12:00:00,65,B_block
829,2025-11-05 13:00:00,55,B_block
830,2025-11-05 14:00:00,51,B_block
831,2025-11-05 15:00:00,66,B_block
832,2025-11-05 16:00:00,53,B_block
833,2025-11-05 17:00:00,58,B_block
834,2025-11-05 18:00:00,62,B_block
835,2025-11-05 19:00:00,49,B_block
836,2025-11-05 20:00:00,41,B_block
837,2025-11-05 21:00:00,43,B_block
838,2025-11-05 22:00:00,42,B_block
839,2025-11-05 23:00:00,49,B_block
840,2025-11-06 00:00:00,43,B_block
841,2025-11-06 01:00:00,41,B_block
842,2025-11-06 02:00:00,42,B_block
843,2025-11-06 03:00:00,48,B_block
844,2025-11-06 04:00:00,46,B_block
845,2025-11-06 05:00:00,49,B_block
846,2025-11-06 06:00:00,43,B_block
847,2025-11-06 07:00:00,47,B_block
848,2025-11-06 08:00:00,48,B_block
849,2025-11-06 09:00:00,51,B_block
850,2025-11-06 10:00:00,65,B_block
851,2025-11-06 11:00:00,63,B_block
852,2025-11-06 12:00:00,56,B_block
853,2025-11-06 13:00:00,64,B_block
854,2025-11-06 14:00:00,51,B_block
855,2025-11-06 15:00:00,69,B_block
856,2025-11-06 16:00:00,64,B_block
857,2025-11-06 17:00:00,52,B_block
858,2025-11-06 18:00:00,65,B_block
859,2025-11-06 19:00:00,42,B_block
860,2025-11-06 20:00:00,49,B_block
861,2025-11-06 21:00:00,47,B_block
862,2025-11-06 22:00:00,49,B_block
863,2025-11-06 23:00:00,44,B_block
864,2025-11-07 00:00:00,43,B_block
865,2025-11-07 01:00:00,41,B_block
866,2025-11-07 02:00:00,41,B_block
867,2025-11-07 03:00:00,44,B_block
868,2025-11-07 04:00:00,47,B_block
869,2025-11-07 05:00:00,45,B_block
870,2025-11-07 06:00:00,41,B_block
871,2025-11-07 07:00:00,49,B_block
872,2025-11-07 08:00:00,47,B_block
873,2025-11-07 09:00:00,69,B_block
874,2025-11-07 10:00:00,52,B_block
875,2025-11-07 11:00:00,62,B_block
876,2025-11-07 12:00:00,66,B_block
877,2025-11-07 13:00:00,55,B_block
878,2025-11-07 14:00:00,64,B_block
879,2025-11-07 15:00:00,54,B_block
880,2025-11-07 16:00:00,69,B_block
881,2025-11-07 17:00:00,61,B_block
882,2025-11-07 18:00:00,66,B_block
883,2025-11-07 19:00:00,45,B_block
884,2025-11-07 20:00:00,43,B_block
885,2025-11-07 21:00:00,41,B_block
886,2025-11-07 22:00:00,45,B_block
887,2025-11-07 23:00:00,44,B_block
888,2025-11-08 00:00:00,41,B_block
889,2025-11-08 01:00:00,46,B_block
890,2025-11-08 02:00:00,42,B_block
891,2025-11-08 03:00:00,41,B_block
892,2025-11-08 04:00:00,46,B_block
893,2025-11-08 05:00:00,43,B_block
894,2025-11-08 06:00:00,44,B_block
895,2025-11-08 07:00:00,44,B_block
896,2025-11-08 08:00:00,49,B_block
897,2025-11-08 09:00:00,51,B_block
898,2025-11-08 10:00:00,67,B_block
899,2025-11-08 11:00:00,52,B_block
900,2025-11-08 12:00:00,61,B_block
901,2025-11-08 13:00:00,57,B_block
902,2025-11-08 14:00:00,67,B_block
903,2025-11-08 15:00:00,55,B_block
904,2025-11-08 16:00:00,50,B_block
905,2025-11-08 17:00:00,55,B_block
906,2025-11-08 18:00:00,51,B_block
907,2025-11-08 19:00:00,45,B_block
908,2025-11-08 20:00:00,42,B_block
909,2025-11-08 21:00:00,47,B_block
910,2025-11-08 22:00:00,44,B_block
911,2025-11-08 23:00:00,46,B_block
912,2025-11-09 00:00:00,46,B_block
913,2025-11-09 01:00:00,49,B_block
914,2025-11-09 02:00:00,46,B_block
915,2025-11-09 03:00:00,41,B_block
916,2025-11-09 04:00:00,40,B_block
917,2025-11-09 05:00:00,40,B_block
918,2025-11-09 06:00:00,43,B_block
919,2025-11-09 07:00:00,43,B_block
920,2025-11-09 08:00:00,46,B_block
921,2025-11-09 09:00:00,58,B_block
922,2025-11-09 10:00:00,50,B_block
923,2025-11-09 11:00:00,52,B_block
924,2025-11-09 12:00:00,68,B_block
925,2025-11-09 13:00:00,55,B_block
926,2025-11-09 14:00:00,57,B_block
927,2025-11-09 15:00:00,60,B_block
928,2025-11-09 16:00:00,67,B_block
929,2025-11-09 17:00:00,62,B_block
930,2025-11-09 18:00:00,53,B_block
931,2025-11-09 19:00:00,46,B_block
932,2025-11-09 20:00:00,40,B_block
933,2025-11-09 21:00:00,46,B_block
934,2025-11-09 22:00:00,49,B_block
935,2025-11-09 23:00:00,40,B_block
936,2025-11-10 00:00:00,49,B_block
937,2025-11-10 01:00:00,49,B_block
938,2025-11-10 02:00:00,42,B_block
939,2025-11-10 03:00:00,43,B_block
940,2025-11-10 04:00:00,41,B_block
941,2025-11-10 05:00:00,43,B_block
942,2025-11-10 06:00:00,40,B_block
943,2025-11-10 07:00:00,45,B_block
944,2025-11-10 08:00:00,46,B_block
945,2025-11-10 09:00:00,69,B_block
946,2025-11-10 10:00:00,63,B_block
947,2025-11-10 11:00:00,66,B_block
948,2025-11-10 12:00:00,54,B_block
949,2025-11-10 13:00:00,54,B_block
950,2025-11-10 14:00:00,60,B_block
951,2025-11-10 15:00:00,63,B_block
952,2025-11-10 16:00:00,55,B_block
953,2025-11-10 17:00:00,55,B_block
954,2025-11-10 18:00:00,69,B_block
955,2025-11-10 19:00:00,44,B_block
956,2025-11-10 20:00:00,45,B_block
957,2025-11-10 21:00:00,46,B_block
958,2025-11-10 22:00:00,45,B_block
959,2025-11-10 23:00:00,49,B_block
960,2025-11-11 00:00:00,46,B_block
961,2025-11-11 01:00:00,47,B_block
962,2025-11-11 02:00:00,47,B_block
963,2025-11-11 03:00:00,43,B_block
964,2025-11-11 04:00:00,42,B_block
965,2025-11-11 05:00:00,40,B_block
966,2025-11-11 06:00:00,42,B_block
967,2025-11-11 07:00:00,49,B_block
968,2025-11-11 08:00:00,47,B_block
969,2025-11-11 09:00:00,64,B_block
970,2025-11-11 10:00:00,59,B_block
971,2025-11-11 11:00:00,61,B_block
972,2025-11-11 12:00:00,58,B_block
973,2025-11-11 13:00:00,58,B_block
974,2025-11-11 14:00:00,53,B_block
975,2025-11-11 15:00:00,50,B_block
976,2025-11-11 16:00:00,54,B_block
977,2025-11-11 17:00:00,56,B_block
978,2025-11-11 18:00:00,68,B_block
979,2025-11-11 19:00:00,48,B_block
980,2025-11-11 20:00:00,47,B_block
981,2025-11-11 21:00:00,46,B_block
982,2025-11-11 22:00:00,47,B_block
983,2025-11-11 23:00:00,40,B_block
984,2025-11-12 00:00:00,48,B_block
985,2025-11-12 01:00:00,46,B_block
986,2025-11-12 02:00:00,42,B_block
987,2025-11-12 03:00:00,47,B_block
988,2025-11-12 04:00:00,40,B_block
989,2025-11-12 05:00:00,43,B_block
990,2025-11-12 06:00:00,49,B_block
991,2025-11-12 07:00:00,46,B_block
992,2025-11-12 08:00:00,40,B_block
993,2025-11-12 09:00:00,50,B_block
994,2025-11-12 10:00:00,59,B_block
995,2025-11-12 11:00:00,56,B_block
996,2025-11-12 12:00:00,65,B_block
997,2025-11-12 13:00:00,66,B_block
998,2025-11-12 14:00:00,53,B_block
999,2025-11-12 15:00:00,68,B_block
1000,2025-11-12 16:00:00,56,B_block
1001,2025-11-12 17:00:00,54,B_block
1002,2025-11-12 18:00:00,53,B_block
1003,2025-11-12 19:00:00,41,B_block
1004,2025-11-12 20:00:00,43,B_block
1005,2025-11-12 21:00:00,43,B_block
1006,2025-11-12 22:00:00,41,B_block
1007,2025-11-12 23:00:00,48,B_block
1008,2025-11-13 00:00:00,41,B_block
1009,2025-11-13 01:00:00,46,B_block
1010,2025-11-13 02:00:00,43,B_block
1011,2025-11-13 03:00:00,41,B_block
1012,2025-11-13 04:00:00,47,B_block
1013,2025-11-13 05:00:00,43,B_block
1014,2025-11-13 06:00:00,42,B_block
1015,2025-11-13 07:00:00,43,B_block
1016,2025-11-13 08:00:00,45,B_block
1017,2025-11-13 09:00:00,58,B_block
1018,2025-11-13 10:00:00,67,B_block
1019,2025-11-13 11:00:00,67,B_block
1020,2025-11-13 12:00:00,61,B_block
1021,2025-11-13 13:00:00,52,B_block
1022,2025-11-13 14:00:00,69,B_block
1023,2025-11-13 15:00:00,60,B_block
1024,2025-11-13 16:00:00,67,B_block
1025,2025-11-13 17:00:00,54,B_block
1026,2025-11-13 18:00:00,65,B_block
1027,2025-11-13 19:00:00,45,B_block
1028,2025-11-13 20:00:00,40,B_block
1029,2025-11-13 21:00:00,40,B_block
1030,2025-11-13 22:00:00,42,B_block
1031,2025-11-13 23:00:00,46,B_block
1032,2025-11-14 00:00:00,47,B_block
1033,2025-11-14 01:00:00,45,B_block
1034,2025-11-14 02:00:00,44,B_block
1035,2025-11-14 03:00:00,45,B_block
1036,2025-11-14 04:00:00,43,B_block
1037,2025-11-14 05:00:00,44,B_block
1038,2025-11-14 06:00:00,41,B_block
1039,2025-11-14 07:00:00,47,B_block
1040,2025-11-14 08:00:00,48,B_block
1041,2025-11-14 09:00:00,61,B_block
1042,2025-11-14 10:00:00,51,B_block
1043,2025-11-14 11:00:00,50,B_block
1044,2025-11-14 12:00:00,53,B_block
1045,2025-11-14 13:00:00,56,B_block
1046,2025-11-14 14:00:00,67,B_block
1047,2025-11-14 15:00:00,58,B_block
1048,2025-11-14 16:00:00,61,B_block
1049,2025-11-14 17:00:00,67,B_block
1050,2025-11-14 18:00:00,54,B_block
1051,2025-11-14 19:00:00,43,B_block
1052,2025-11-14 20:00:00,46,B_block
1053,2025-11-14 21:00:00,48,B_block
1054,2025-11-14 22:00:00,46,B_block
1055,2025-11-14 23:00:00,48,B_block
1056,2025-11-15 00:00:00,47,B_block
1057,2025-11-15 01:00:00,49,B_block
1058,2025-11-15 02:00:00,42,B_block
1059,2025-11-15 03:00:00,45,B_block
1060,2025-11-15 04:00:00,40,B_block
1061,2025-11-15 05:00:00,42,B_block
1062,2025-11-15 06:00:00,47,B_block
1063,2025-11-15 07:00:00,43,B_block
1064,2025-11-15 08:00:00,48,B_block
1065,2025-11-15 09:00:00,56,B_block
1066,2025-11-15 10:00:00,53,B_block
1067,2025-11-15 11:00:00,60,B_block
1068,2025-11-15 12:00:00,52,B_block
1069,2025-11-15 13:00:00,64,B_block
1070,2025-11-15 14:00:00,50,B_block
1071,2025-11-15 15:00:00,66,B_block
1072,2025-11-15 16:00:00,52,B_block
1073,2025-11-15 17:00:00,53,B_block
1074,2025-11-15 18:00:00,58,B_block
1075,2025-11-15 19:00:00,46,B_block
1076,2025-11-15 20:00:00,43,B_block
1077,2025-11-15 21:00:00,49,B_block
1078,2025-11-15 22:00:00,46,B_block
1079,2025-11-15 23:00:00,45,B_block
1080,2025-11-16 00:00:00,40,B_block
1081,2025-11-16 01:00:00,47,B_block
1082,2025-11-16 02:00:00,47,B_block
1083,2025-11-16 03:00:00,47,B_block
1084,2025-11-16 04:00:00,40,B_block
1085,2025-11-16 05:00:00,47,B_block
1086,2025-11-16 06:00:00,40,B_block
1087,2025-11-16 07:00:00,48,B_block
1088,2025-11-16 08:00:00,47,B_block
1089,2025-11-16 09:00:00,64,B_block
1090,2025-11-16 10:00:00,68,B_block
1091,2025-11-16 11:00:00,52,B_block
1092,2025-11-16 12:00:00,67,B_block
1093,2025-11-16 13:00:00,67,B_block
1094,2025-11-16 14:00:00,66,B_block
1095,2025-11-16 15:00:00,53,B_block
1096,2025-11-16 16:00:00,51,B_block
1097,2025-11-16 17:00:00,67,B_block
1098,2025-11-16 18:00:00,59,B_block
1099,2025-11-16 19:00:00,42,B_block
1100,2025-11-16 20:00:00,42,B_block
1101,2025-11-16 21:00:00,44,B_block
1102,2025-11-16 22:00:00,45,B_block
1103,2025-11-16 23:00:00,48,B_block
1104,2025-11-17 00:00:00,47,B_block
1105,2025-11-17 01:00:00,43,B_block
1106,2025-11-17 02:00:00,48,B_block
1107,2025-11-17 03:00:00,46,B_block
1108,2025-11-17 04:00:00,49,B_block
1109,2025-11-17 05:00:00,42,B_block
1110,2025-11-17 06:00:00,42,B_block
1111,2025-11-17 07:00:00,41,B_block
1112,2025-11-17 08:00:00,46,B_block
1113,2025-11-17 09:00:00,56,B_block
1114,2025-11-17 10:00:00,64,B_block
1115,2025-11-17 11:00:00,63,B_block
1116,2025-11-17 12:00:00,50,B_block
1117,2025-11-17 13:00:00,58,B_block
1118,2025-11-17 14:00:00,56,B_block
1119,2025-11-17 15:00:00,54,B_block
1120,2025-11-17 16:00:00,63,B_block
1121,2025-11-17 17:00:00,66,B_block
1122,2025-11-17 18:00:00,55,B_block
1123,2025-11-17 19:00:00,45,B_block
1124,2025-11-17 20:00:00,40,B_block
1125,2025-11-17 21:00:00,45,B_block
1126,2025-11-17 22:00:00,48,B_block
1127,2025-11-17 23:00:00,40,B_block
1128,2025-11-18 00:00:00,45,B_block
1129,2025-11-18 01:00:00,48,B_block
1130,2025-11-18 02:00:00,41,B_block
1131,2025-11-18 03:00:00,45,B_block
1132,2025-11-18 04:00:00,44,B_block
1133,2025-11-18 05:00:00,49,B_block
1134,2025-11-18 06:00:00,45,B_block
1135,2025-11-18 07:00:00,40,B_block
1136,2025-11-18 08:00:00,40,B_block
1137,2025-11-18 09:00:00,59,B_block
1138,2025-11-18 10:00:00,65,B_block
1139,2025-11-18 11:00:00,56,B_block
1140,2025-11-18 12:00:00,69,B_block
1141,2025-11-18 13:00:00,52,B_block
1142,2025-11-18 14:00:00,57,B_block
1143,2025-11-18 15:00:00,62,B_block
1144,2025-11-18 16:00:00,51,B_block
1145,2025-11-18 17:00:00,59,B_block
1146,2025-11-18 18:00:00,50,B_block
1147,2025-11-18 19:00:00,48,B_block
1148,2025-11-18 20:00:00,46,B_block
1149,2025-11-18 21:00:00,47,B_block
1150,2025-11-18 22:00:00,47,B_block
1151,2025-11-18 23:00:00,41,B_block
1152,2025-11-19 00:00:00,43,B_block
1153,2025-11-19 01:00:00,44,B_block
1154,2025-11-19 02:00:00,43,B_block
1155,2025-11-19 03:00:00,49,B_block
1156,2025-11-19 04:00:00,46,B_block
1157,2025-11-19 05:00:00,42,B_block
1158,2025-11-19 06:00:00,48,B_block
1159,2025-11-19 07:00:00,40,B_block
1160,2025-11-19 08:00:00,43,B_block
1161,2025-11-19 09:00:00,68,B_block
1162,2025-11-19 10:00:00,64,B_block
1163,2025-11-19 11:00:00,51,B_block
1164,2025-11-19 12:00:00,57,B_block
1165,2025-11-19 13:00:00,64,B_block
1166,2025-11-19 14:00:00,61,B_block
1167,2025-11-19 15:00:00,62,B_block
1168,2025-11-19 16:00:00,57,B_block
1169,2025-11-19 17:00:00,60,B_block
1170,2025-11-19 18:00:00,52,B_block
1171,2025-11-19 19:00:00,42,B_block
1172,2025-11-19 20:00:00,41,B_block
1173,2025-11-19 21:00:00,41,B_block
1174,2025-11-19 22:00:00,46,B_block
1175,2025-11-19 23:00:00,43,B_block
1176,2025-11-20 00:00:00,47,B_block
1177,2025-11-20 01:00:00,43,B_block
1178,2025-11-20 02:00:00,43,B_block
1179,2025-11-20 03:00:00,45,B_block
1180,2025-11-20 04:00:00,42,B_block
1181,2025-11-20 05:00:00,48,B_block
1182,2025-11-20 06:00:00,49,B_block
1183,2025-11-20 07:00:00,40,B_block
1184,2025-11-20 08:00:00,41,B_block
1185,2025-11-20 09:00:00,69,B_block
1186,2025-11-20 10:00:00,66,B_block
1187,2025-11-20 11:00:00,54,B_block
1188,2025-11-20 12:00:00,56,B_block
1189,2025-11-20 13:00:00,59,B_block
1190,2025-11-20 14:00:00,60,B_block
1191,2025-11-20 15:00:00,68,B_block
1192,2025-11-20 16:00:00,66,B_block
1193,2025-11-20 17:00:00,52,B_block
1194,2025-11-20 18:00:00,57,B_block
1195,2025-11-20 19:00:00,47,B_block
1196,2025-11-20 20:00:00,43,B_block
1197,2025-11-20 21:00:00,46,B_block
1198,2025-11-20 22:00:00,44,B_block
1199,2025-11-20 23:00:00,42,B_block
1200,2025-11-21 00:00:00,45,B_block
1201,2025-11-21 01:00:00,44,B_block
1202,2025-11-21 02:00:00,43,B_block
1203,2025-11-21 03:00:00,46,B_block
1204,2025-11-21 04:00:00,46,B_block
1205,2025-11-21 05:00:00,45,B_block
1206,2025-11-21 06:00:00,49,B_block
1207,2025-11-21 07:00:00,42,B_block
1208,2025-11-21 08:00:00,48,B_block
1209,2025-11-21 09:00:00,64,B_block
1210,2025-11-21 10:00:00,52,B_block
1211,2025-11-21 11:00:00,54,B_block
1212,2025-11-21 12:00:00,62,B_block
1213,2025-11-21 13:00:00,69,B_block
1214,2025-11-21 14:00:00,68,B_block
1215,2025-11-21 15:00:00,53,B_block
1216,2025-11-21 16:00:00,67,B_block
1217,2025-11-21 17:00:00,66,B_block
1218,2025-11-21 18:00:00,59,B_block
1219,2025-11-21 19:00:00,42,B_block
1220,2025-11-21 20:00:00,48,B_block
1221,2025-11-21 21:00:00,47,B_block
1222,2025-11-21 22:00:00,49,B_block
1223,2025-11-21 23:00:00,45,B_block
1224,2025-11-22 00:00:00,47,B_block
1225,2025-11-22 01:00:00,42,B_block
1226,2025-11-22 02:00:00,44,B_block
1227,2025-11-22 03:00:00,48,B_block
1228,2025-11-22 04:00:00,41,B_block
1229,2025-11-22 05:00:00,43,B_block
1230,2025-11-22 06:00:00,44,B_block
1231,2025-11-22 07:00:00,49,B_block
1232,2025-11-22 08:00:00,45,B_block
1233,2025-11-22 09:00:00,60,B_block
1234,2025-11-22 10:00:00,57,B_block
1235,2025-11-22 11:00:00,53,B_block
1236,2025-11-22 12:00:00,59,B_block
1237,2025-11-22 13:00:00,61,B_block
1238,2025-11-22 14:00:00,52,B_block
1239,2025-11-22 15:00:00,62,B_block
1240,2025-11-22 16:00:00,62,B_block
1241,2025-11-22 17:00:00,62,B_block
1242,2025-11-22 18:00:00,69,B_block
1243,2025-11-22 19:00:00,40,B_block
1244,2025-11-22 20:00:00,42,B_block
1245,2025-11-22 21:00:00,43,B_block
1246,2025-11-22 22:00:00,46,B_block
1247,2025-11-22 23:00:00,48,B_block
1248,2025-11-23 00:00:00,42,B_block
1249,2025-11-23 01:00:00,45,B_block
1250,2025-11-23 02:00:00,44,B_block
1251,2025-11-23 03:00:00,40,B_block
1252,2025-11-23 04:00:00,48,B_block
1253,2025-11-23 05:00:00,43,B_block
1254,2025-11-23 06:00:00,42,B_block
1255,2025-11-23 07:00:00,45,B_block
1256,2025-11-23 08:00:00,46,B_block
1257,2025-11-23 09:00:00,52,B_block
1258,2025-11-23 10:00:00,60,B_block
1259,2025-11-23 11:00:00,64,B_block
1260,2025-11-23 12:00:00,64,B_block
1261,2025-11-23 13:00:00,55,B_block
1262,2025-11-23 14:00:00,57,B_block
1263,2025-11-23 15:00:00,64,B_block
1264,2025-11-23 16:00:00,62,B_block
1265,2025-11-23 17:00:00,50,B_block
1266,2025-11-23 18:00:00,57,B_block
1267,2025-11-23 19:00:00,49,B_block
1268,2025-11-23 20:00:00,48,B_block
1269,2025-11-23 21:00:00,44,B_block
1270,2025-11-23 22:00:00,49,B_block
1271,2025-11-23 23:00:00,40,B_block
1272,2025-11-24 00:00:00,42,B_block
1273,2025-11-24 01:00:00,44,B_block
1274,2025-11-24 02:00:00,49,B_block
1275,2025-11-24 03:00:00,47,B_block
1276,2025-11-24 04:00:00,40,B_block
1277,2025-11-24 05:00:00,45,B_block
1278,2025-11-24 06:00:00,43,B_block
1279,2025-11-24 07:00:00,42,B_block
1280,2025-11-24 08:00:00,41,B_block
1281,2025-11-24 09:00:00,50,B_block
1282,2025-11-24 10:00:00,60,B_block
1283,2025-11-24 11:00:00,58,B_block
1284,2025-11-24 12:00:00,64,B_block
1285,2025-11-24 13:00:00,50,B_block
1286,2025-11-24 14:00:00,56,B_block
1287,2025-11-24 15:00:00,67,B_block
1288,2025-11-24 16:00:00,57,B_block
1289,2025-11-24 17:00:00,60,B_block
1290,2025-11-24 18:00:00,52,B_block
1291,2025-11-24 19:00:00,41,B_block
1292,2025-11-24 20:00:00,44,B_block
1293,2025-11-24 21:00:00,49,B_block
1294,2025-11-24 22:00:00,42,B_block
1295,2025-11-24 23:00:00,48,B_block
1296,2025-11-25 00:00:00,41,B_block
1297,2025-11-25 01:00:00,46,B_block
1298,2025-11-25 02:00:00,49,B_block
1299,2025-11-25 03:00:00,45,B_block
1300,2025-11-25 04:00:00,48,B_block
1301,2025-11-25 05:00:00,45,B_block
1302,2025-11-25 06:00:00,44,B_block
1303,2025-11-25 07:00:00,46,B_block
1304,2025-11-25 08:00:00,42,B_block
1305,2025-11-25 09:00:00,64,B_block
1306,2025-11-25 10:00:00,65,B_block
1307,2025-11-25 11:00:00,65,B_block
1308,2025-11-25 12:00:00,64,B_block
1309,2025-11-25 13:00:00,52,B_block
1310,2025-11-25 14:00:00,58,B_block
1311,2025-11-25 15:00:00,52,B_block
1312,2025-11-25 16:00:00,65,B_block
1313,2025-11-25 17:00:00,53,B_block
1314,2025-11-25 18:00:00,59,B_block
1315,2025-11-25 19:00:00,42,B_block
1316,2025-11-25 20:00:00,43,B_block
1317,2025-11-25 21:00:00,44,B_block
1318,2025-11-25 22:00:00,47,B_block
1319,2025-11-25 23:00:00,47,B_block
1320,2025-11-26 00:00:00,44,B_block
1321,2025-11-26 01:00:00,40,B_block
1322,2025-11-26 02:00:00,46,B_block
1323,2025-11-26 03:00:00,43,B_block
1324,2025-11-26 04:00:00,43,B_block
1325,2025-11-26 05:00:00,47,B_block
1326,2025-11-26 06:00:00,48,B_block
1327,2025-11-26 07:00:00,45,B_block
1328,2025-11-26 08:00:00,40,B_block
1329,2025-11-26 09:00:00,59,B_block
1330,2025-11-26 10:00:00,55,B_block
1331,2025-11-26 11:00:00,62,B_block
1332,2025-11-26 12:00:00,55,B_block
1333,2025-11-26 13:00:00,58,B_block
1334,2025-11-26 14:00:00,62,B_block
1335,2025-11-26 15:00:00,61,B_block
1336,2025-11-26 16:00:00,58,B_block
1337,2025-11-26 17:00:00,57,B_block
1338,2025-11-26 18:00:00,62,B_block
1339,2025-11-26 19:00:00,47,B_block
1340,2025-11-26 20:00:00,47,B_block
1341,2025-11-26 21:00:00,41,B_block
1342,2025-11-26 22:00:00,40,B_block
1343,2025-11-26 23:00:00,46,B_block
1344,2025-11-27 00:00:00,42,B_block
1345,2025-11-27 01:00:00,47,B_block
1346,2025-11-27 02:00:00,49,B_block
1347,2025-11-27 03:00:00,40,B_block
1348,2025-11-27 04:00:00,43,B_block
1349,2025-11-27 05:00:00,44,B_block
1350,2025-11-27 06:00:00,41,B_block
1351,2025-11-27 07:00:00,43,B_block
1352,2025-11-27 08:00:00,47,B_block
1353,2025-11-27 09:00:00,63,B_block
1354,2025-11-27 10:00:00,56,B_block
1355,2025-11-27 11:00:00,66,B_block
1356,2025-11-27 12:00:00,55,B_block
1357,2025-11-27 13:00:00,51,B_block
1358,2025-11-27 14:00:00,55,B_block
1359,2025-11-27 15:00:00,57,B_block
1360,2025-11-27 16:00:00,67,B_block
1361,2025-11-27 17:00:00,69,B_block
1362,2025-11-27 18:00:00,69,B_block
1363,2025-11-27 19:00:00,40,B_block
1364,2025-11-27 20:00:00,41,B_block
1365,2025-11-27 21:00:00,40,B_block
1366,2025-11-27 22:00:00,41,B_block
1367,2025-11-27 23:00:00,49,B_block
1368,2025-11-28 00:00:00,44,B_block
1369,2025-11-28 01:00:00,47,B_block
1370,2025-11-28 02:00:00,42,B_block
1371,2025-11-28 03:00:00,46,B_block
1372,2025-11-28 04:00:00,48,B_block
1373,2025-11-28 05:00:00,49,B_block
1374,2025-11-28 06:00:00,49,B_block
1375,2025-11-28 07:00:00,45,B_block
1376,2025-11-28 08:00:00,49,B_block
1377,2025-11-28 09:00:00,66,B_block
1378,2025-11-28 10:00:00,57,B_block
1379,2025-11-28 11:00:00,67,B_block
1380,2025-11-28 12:00:00,54,B_block
1381,2025-11-28 13:00:00,52,B_block
1382,2025-11-28 14:00:00,54,B_block
1383,2025-11-28 15:00:00,62,B_block
1384,2025-11-28 16:00:00,59,B_block
1385,2025-11-28 17:00:00,59,B_block
1386,2025-11-28 18:00:00,68,B_block
1387,2025-11-28 19:00:00,45,B_block
1388,2025-11-28 20:00:00,49,B_block
1389,2025-11-28 21:00:00,42,B_block
1390,2025-11-28 22:00:00,42,B_block
1391,2025-11-28 23:00:00,46,B_block
1392,2025-11-29 00:00:00,43,B_block
1393,2025-11-29 01:00:00,49,B_block
1394,2025-11-29 02:00:00,40,B_block
1395,2025-11-29 03:00:00,40,B_block
1396,2025-11-29 04:00:00,47,B_block
1397,2025-11-29 05:00:00,43,B_block
1398,2025-11-29 06:00:00,48,B_block
1399,2025-11-29 07:00:00,47,B_block
1400,2025-11-29 08:00:00,44,B_block
1401,2025-11-29 09:00:00,60,B_block
1402,2025-11-29 10:00:00,55,B_block
1403,2025-11-29 11:00:00,66,B_block
1404,2025-11-29 12:00:00,53,B_block
1405,2025-11-29 13:00:00,56,B_block
1406,2025-11-29 14:00:00,64,B_block
1407,2025-11-29 15:00:00,57,B_block
1408,2025-11-29 16:00:00,61,B_block
1409,2025-11-29 17:00:00,68,B_block
1410,2025-11-29 18:00:00,60,B_block
1411,2025-11-29 19:00:00,42,B_block
1412,2025-11-29 20:00:00,42,B_block
1413,2025-11-29 21:00:00,44,B_block
1414,2025-11-29 22:00:00,47,B_block
1415,2025-11-29 23:00:00,42,B_block
1416,2025-11-30 00:00:00,41,B_block
1417,2025-11-30 01:00:00,48,B_block
1418,2025-11-30 02:00:00,47,B_block
1419,2025-11-30 03:00:00,48,B_block
1420,2025-11-30 04:00:00,49,B_block
1421,2025-11-30 05:00:00,46,B_block
1422,2025-11-30 06:00:00,45,B_block
1423,2025-11-30 07:00:00,49,B_block
1424,2025-11-30 08:00:00,41,B_block
1425,2025-11-30 09:00:00,59,B_block
1426,2025-11-30 10:00:00,65,B_block
1427,2025-11-30 11:00:00,61,B_block
1428,2025-11-30 12:00:00,54,B_block
1429,2025-11-30 13:00:00,61,B_block
1430,2025-11-30 14:00:00,54,B_block
1431,2025-11-30 15:00:00,64,B_block
1432,2025-11-30 16:00:00,51,B_block
1433,2025-11-30 17:00:00,56,B_block
1434,2025-11-30 18:00:00,67,B_block
1435,2025-11-30 19:00:00,48,B_block
1436,2025-11-30 20:00:00,42,B_block
1437,2025-11-30 21:00:00,42,B_block
1438,2025-11-30 22:00:00,46,B_block
1439,2025-11-30 23:00:00,47,B_block
1440,2025-11-01 00:00:00,44,C_block
1441,2025-11-01 01:00:00,37,C_block
1442,2025-11-01 02:00:00,40,C_block
1443,2025-11-01 03:00:00,44,C_block
1444,2025-11-01 04:00:00,37,C_block
1445,2025-11-01 05:00:00,41,C_block
1446,2025-11-01 06:00:00,42,C_block
1447,2025-11-01 07:00:00,42,C_block
1448,2025-11-01 08:00:00,36,C_block
1449,2025-11-01 09:00:00,46,C_block
1450,2025-11-01 10:00:00,57,C_block
1451,2025-11-01 11:00:00,56,C_block
1452,2025-11-01 12:00:00,48,C_block
1453,2025-11-01 13:00:00,49,C_block
1454,2025-11-01 14:00:00,46,C_block
1455,2025-11-01 15:00:00,55,C_block
1456,2025-11-01 16:00:00,63,C_block
1457,2025-11-01 17:00:00,58,C_block
1458,2025-11-01 18:00:00,63,C_block
1459,2025-11-01 19:00:00,35,C_block
1460,2025-11-01 20:00:00,37,C_block
1461,2025-11-01 21:00:00,42,C_block
1462,2025-11-01 22:00:00,44,C_block
1463,2025-11-01 23:00:00,37,C_block
1464,2025-11-02 00:00:00,41,C_block
1465,2025-11-02 01:00:00,41,C_block
1466,2025-11-02 02:00:00,37,C_block
1467,2025-11-02 03:00:00,43,C_block
1468,2025-11-02 04:00:00,44,C_block
1469,2025-11-02 05:00:00,41,C_block
1470,2025-11-02 06:00:00,41,C_block
1471,2025-11-02 07:00:00,38,C_block
1472,2025-11-02 08:00:00,41,C_block
1473,2025-11-02 09:00:00,61,C_block
1474,2025-11-02 10:00:00,59,C_block
1475,2025-11-02 11:00:00,52,C_block
1476,2025-11-02 12:00:00,53,C_block
1477,2025-11-02 13:00:00,57,C_block
1478,2025-11-02 14:00:00,45,C_block
1479,2025-11-02 15:00:00,45,C_block
1480,2025-11-02 16:00:00,50,C_block
1481,2025-11-02 17:00:00,57,C_block
1482,2025-11-02 18:00:00,63,C_block
1483,2025-11-02 19:00:00,40,C_block
1484,2025-11-02 20:00:00,40,C_block
1485,2025-11-02 21:00:00,42,C_block
1486,2025-11-02 22:00:00,36,C_block
1487,2025-11-02 23:00:00,36,C_block
1488,2025-11-03 00:00:00,38,C_block
1489,2025-11-03 01:00:00,42,C_block
1490,2025-11-03 02:00:00,40,C_block
1491,2025-11-03 03:00:00,44,C_block
1492,2025-11-03 04:00:00,39,C_block
1493,2025-11-03 05:00:00,36,C_block
1494,2025-11-03 06:00:00,43,C_block
1495,2025-11-03 07:00:00,36,C_block
1496,2025-11-03 08:00:00,42,C_block
1497,2025-11-03 09:00:00,62,C_block
1498,2025-11-03 10:00:00,59,C_block
1499,2025-11-03 11:00:00,63,C_block
1500,2025-11-03 12:00:00,62,C_block
1501,2025-11-03 13:00:00,50,C_block
1502,2025-11-03 14:00:00,62,C_block
1503,2025-11-03 15:00:00,52,C_block
1504,2025-11-03 16:00:00,61,C_block
1505,2025-11-03 17:00:00,53,C_block
1506,2025-11-03 18:00:00,56,C_block
1507,2025-11-03 19:00:00,44,C_block
1508,2025-11-03 20:00:00,37,C_block
1509,2025-11-03 21:00:00,40,C_block
1510,2025-11-03 22:00:00,40,C_block
1511,2025-11-03 23:00:00,42,C_block
1512,2025-11-04 00:00:00,42,C_block
1513,2025-11-04 01:00:00,42,C_block
1514,2025-11-04 02:00:00,37,C_block
1515,2025-11-04 03:00:00,41,C_block
1516,2025-11-04 04:00:00,39,C_block
1517,2025-11-04 05:00:00,44,C_block
1518,2025-11-04 06:00:00,42,C_block
1519,2025-11-04 07:00:00,39,C_block
1520,2025-11-04 08:00:00,38,C_block
1521,2025-11-04 09:00:00,54,C_block
1522,2025-11-04 10:00:00,54,C_block
1523,2025-11-04 11:00:00,53,C_block
1524,2025-11-04 12:00:00,62,C_block
1525,2025-11-04 13:00:00,61,C_block
1526,2025-11-04 14:00:00,54,C_block
1527,2025-11-04 15:00:00,61,C_block
1528,2025-11-04 16:00:00,45,C_block
1529,2025-11-04 17:00:00,56,C_block
1530,2025-11-04 18:00:00,58,C_block
1531,2025-11-04 19:00:00,43,C_block
1532,2025-11-04 20:00:00,38,C_block
1533,2025-11-04 21:00:00,37,C_block
1534,2025-11-04 22:00:00,41,C_block
1535,2025-11-04 23:00:00,41,C_block
1536,2025-11-05 00:00:00,36,C_block
1537,2025-11-05 01:00:00,35,C_block
1538,2025-11-05 02:00:00,38,C_block
1539,2025-11-05 03:00:00,36,C_block
1540,2025-11-05 04:00:00,38,C_block
1541,2025-11-05 05:00:00,36,C_block
1542,2025-11-05 06:00:00,43,C_block
1543,2025-11-05 07:00:00,43,C_block
1544,2025-11-05 08:00:00,36,C_block
1545,2025-11-05 09:00:00,53,C_block
1546,2025-11-05 10:00:00,54,C_block
1547,2025-11-05 11:00:00,50,C_block
1548,2025-11-05 12:00:00,51,C_block
1549,2025-11-05 13:00:00,49,C_block
1550,2025-11-05 14:00:00,49,C_block
1551,2025-11-05 15:00:00,47,C_block
1552,2025-11-05 16:00:00,56,C_block
1553,2025-11-05 17:00:00,60,C_block
1554,2025-11-05 18:00:00,62,C_block
1555,2025-11-05 19:00:00,41,C_block
1556,2025-11-05 20:00:00,35,C_block
1557,2025-11-05 21:00:00,36,C_block
1558,2025-11-05 22:00:00,43,C_block
1559,2025-11-05 23:00:00,42,C_block
1560,2025-11-06 00:00:00,41,C_block
1561,2025-11-06 01:00:00,37,C_block
1562,2025-11-06 02:00:00,41,C_block
1563,2025-11-06 03:00:00,44,C_block
1564,2025-11-06 04:00:00,39,C_block
1565,2025-11-06 05:00:00,37,C_block
1566,2025-11-06 06:00:00,35,C_block
1567,2025-11-06 07:00:00,44,C_block
1568,2025-11-06 08:00:00,38,C_block
1569,2025-11-06 09:00:00,50,C_block
1570,2025-11-06 10:00:00,55,C_block
1571,2025-11-06 11:00:00,56,C_block
1572,2025-11-06 12:00:00,55,C_block
1573,2025-11-06 13:00:00,58,C_block
1574,2025-11-06 14:00:00,54,C_block
1575,2025-11-06 15:00:00,49,C_block
1576,2025-11-06 16:00:00,57,C_block
1577,2025-11-06 17:00:00,62,C_block
1578,2025-11-06 18:00:00,45,C_block
1579,2025-11-06 19:00:00,35,C_block
1580,2025-11-06 20:00:00,36,C_block
1581,2025-11-06 21:00:00,41,C_block
1582,2025-11-06 22:00:00,39,C_block
1583,2025-11-06 23:00:00,43,C_block
1584,2025-11-07 00:00:00,38,C_block
1585,2025-11-07 01:00:00,39,C_block
1586,2025-11-07 02:00:00,37,C_block
1587,2025-11-07 03:00:00,42,C_block
1588,2025-11-07 04:00:00,42,C_block
1589,2025-11-07 05:00:00,36,C_block
1590,2025-11-07 06:00:00,36,C_block
1591,2025-11-07 07:00:00,42,C_block
1592,2025-11-07 08:00:00,35,C_block
1593,2025-11-07 09:00:00,64,C_block
1594,2025-11-07 10:00:00,53,C_block
1595,2025-11-07 11:00:00,50,C_block
1596,2025-11-07 12:00:00,59,C_block
1597,2025-11-07 13:00:00,58,C_block
1598,2025-11-07 14:00:00,54,C_block
1599,2025-11-07 15:00:00,62,C_block
1600,2025-11-07 16:00:00,63,C_block
1601,2025-11-07 17:00:00,50,C_block
1602,2025-11-07 18:00:00,51,C_block
1603,2025-11-07 19:00:00,42,C_block
1604,2025-11-07 20:00:00,41,C_block
1605,2025-11-07 21:00:00,44,C_block
1606,2025-11-07 22:00:00,40,C_block
1607,2025-11-07 23:00:00,36,C_block
1608,2025-11-08 00:00:00,44,C_block
1609,2025-11-08 01:00:00,42,C_block
1610,2025-11-08 02:00:00,36,C_block
1611,2025-11-08 03:00:00,42,C_block
1612,2025-11-08 04:00:00,36,C_block
1613,2025-11-08 05:00:00,37,C_block
1614,2025-11-08 06:00:00,41,C_block
1615,2025-11-08 07:00:00,41,C_block
1616,2025-11-08 08:00:00,38,C_block
1617,2025-11-08 09:00:00,50,C_block
1618,2025-11-08 10:00:00,53,C_block
1619,2025-11-08 11:00:00,59,C_block
1620,2025-11-08 12:00:00,58,C_block
1621,2025-11-08 13:00:00,50,C_block
1622,2025-11-08 14:00:00,64,C_block
1623,2025-11-08 15:00:00,51,C_block
1624,2025-11-08 16:00:00,57,C_block
1625,2025-11-08 17:00:00,59,C_block
1626,2025-11-08 18:00:00,58,C_block
1627,2025-11-08 19:00:00,36,C_block
1628,2025-11-08 20:00:00,38,C_block
1629,2025-11-08 21:00:00,41,C_block
1630,2025-11-08 22:00:00,38,C_block
1631,2025-11-08 23:00:00,41,C_block
1632,2025-11-09 00:00:00,38,C_block
1633,2025-11-09 01:00:00,36,C_block
1634,2025-11-09 02:00:00,44,C_block
1635,2025-11-09 03:00:00,40,C_block
1636,2025-11-09 04:00:00,44,C_block
1637,2025-11-09 05:00:00,41,C_block
1638,2025-11-09 06:00:00,39,C_block
1639,2025-11-09 07:00:00,38,C_block
1640,2025-11-09 08:00:00,42,C_block
1641,2025-11-09 09:00:00,57,C_block
1642,2025-11-09 10:00:00,56,C_block
1643,2025-11-09 11:00:00,60,C_block
1644,2025-11-09 12:00:00,57,C_block
1645,2025-11-09 13:00:00,64,C_block
1646,2025-11-09 14:00:00,51,C_block
1647,2025-11-09 15:00:00,50,C_block
1648,2025-11-09 16:00:00,52,C_block
1649,2025-11-09 17:00:00,63,C_block
1650,2025-11-09 18:00:00,58,C_block
1651,2025-11-09 19:00:00,35,C_block
1652,2025-11-09 20:00:00,35,C_block
1653,2025-11-09 21:00:00,40,C_block
1654,2025-11-09 22:00:00,43,C_block
1655,2025-11-09 23:00:00,43,C_block
1656,2025-11-10 00:00:00,40,C_block
1657,2025-11-10 01:00:00,38,C_block
1658,2025-11-10 02:00:00,43,C_block
1659,2025-11-10 03:00:00,43,C_block
1660,2025-11-10 04:00:00,35,C_block
1661,2025-11-10 05:00:00,40,C_block
1662,2025-11-10 06:00:00,39,C_block
1663,2025-11-10 07:00:00,44,C_block
1664,2025-11-10 08:00:00,39,C_block
1665,2025-11-10 09:00:00,55,C_block
1666,2025-11-10 10:00:00,62,C_block
1667,2025-11-10 11:00:00,57,C_block
1668,2025-11-10 12:00:00,61,C_block
1669,2025-11-10 13:00:00,64,C_block
1670,2025-11-10 14:00:00,64,C_block
1671,2025-11-10 15:00:00,61,C_block
1672,2025-11-10 16:00:00,48,C_block
1673,2025-11-10 17:00:00,47,C_block
1674,2025-11-10 18:00:00,61,C_block
1675,2025-11-10 19:00:00,44,C_block
1676,2025-11-10 20:00:00,38,C_block
1677,2025-11-10 21:00:00,38,C_block
1678,2025-11-10 22:00:00,42,C_block
1679,2025-11-10 23:00:00,36,C_block
1680,2025-11-11 00:00:00,35,C_block
1681,2025-11-11 01:00:00,37,C_block
1682,2025-11-11 02:00:00,0,C_block
1683,2025-11-11 03:00:00,44,C_block
1684,2025-11-11 04:00:00,36,C_block
1685,2025-11-11 05:00:00,40,C_block
1686,2025-11-11 06:00:00,42,C_block
1687,2025-11-11 07:00:00,36,C_block
1688,2025-11-11 08:00:00,40,C_block
1689,2025-11-11 09:00:00,57,C_block
1690,2025-11-11 10:00:00,53,C_block
1691,2025-11-11 11:00:00,55,C_block
1692,2025-11-11 12:00:00,50,C_block
1693,2025-11-11 13:00:00,64,C_block
1694,2025-11-11 14:00:00,61,C_block
1695,2025-11-11 15:00:00,51,C_block
1696,2025-11-11 16:00:00,51,C_block
1697,2025-11-11 17:00:00,64,C_block
1698,2025-11-11 18:00:00,56,C_block
1699,2025-11-11 19:00:00,35,C_block
1700,2025-11-11 20:00:00,41,C_block
1701,2025-11-11 21:00:00,41,C_block
1702,2025-11-11 22:00:00,40,C_block
1703,2025-11-11 23:00:00,37,C_block
1704,2025-11-12 00:00:00,41,C_block
1705,2025-11-12 01:00:00,35,C_block
1706,2025-11-12 02:00:00,35,C_block
1707,2025-11-12 03:00:00,37,C_block
1708,2025-11-12 04:00:00,37,C_block
1709,2025-11-12 05:00:00,40,C_block
1710,2025-11-12 06:00:00,43,C_block
1711,2025-11-12 07:00:00,37,C_block
1712,2025-11-12 08:00:00,39,C_block
1713,2025-11-12 09:00:00,58,C_block
1714,2025-11-12 10:00:00,48,C_block
1715,2025-11-12 11:00:00,63,C_block
1716,2025-11-12 12:00:00,46,C_block
1717,2025-11-12 13:00:00,58,C_block
1718,2025-11-12 14:00:00,54,C_block
1719,2025-11-12 15:00:00,54,C_block
1720,2025-11-12 16:00:00,64,C_block
1721,2025-11-12 17:00:00,51,C_block
1722,2025-11-12 18:00:00,51,C_block
1723,2025-11-12 19:00:00,41,C_block
1724,2025-11-12 20:00:00,39,C_block
1725,2025-11-12 21:00:00,42,C_block
1726,2025-11-12 22:00:00,40,C_block
1727,2025-11-12 23:00:00,40,C_block
1728,2025-11-13 00:00:00,38,C_block
1729,2025-11-13 01:00:00,41,C_block
1730,2025-11-13 02:00:00,35,C_block
1731,2025-11-13 03:00:00,38,C_block
1732,2025-11-13 04:00:00,37,C_block
1733,2025-11-13 05:00:00,42,C_block
1734,2025-11-13 06:00:00,37,C_block
1735,2025-11-13 07:00:00,37,C_block
1736,2025-11-13 08:00:00,38,C_block
1737,2025-11-13 09:00:00,56,C_block
1738,2025-11-13 10:00:00,56,C_block
1739,2025-11-13 11:00:00,57,C_block
1740,2025-11-13 12:00:00,45,C_block
1741,2025-11-13 13:00:00,62,C_block
1742,2025-11-13 14:00:00,59,C_block
1743,2025-11-13 15:00:00,50,C_block
1744,2025-11-13 16:00:00,57,C_block
1745,2025-11-13 17:00:00,64,C_block
1746,2025-11-13 18:00:00,61,C_block
1747,2025-11-13 19:00:00,37,C_block
1748,2025-11-13 20:00:00,39,C_block
1749,2025-11-13 21:00:00,44,C_block
1750,2025-11-13 22:00:00,39,C_block
1751,2025-11-13 23:00:00,41,C_block
1752,2025-11-14 00:00:00,42,C_block
1753,2025-11-14 01:00:00,44,C_block
1754,2025-11-14 02:00:00,36,C_block
1755,2025-11-14 03:00:00,40,C_block
1756,2025-11-14 04:00:00,39,C_block
1757,2025-11-14 05:00:00,41,C_block
1758,2025-11-14 06:00:00,42,C_block
1759,2025-11-14 07:00:00,37,C_block
1760,2025-11-14 08:00:00,37,C_block
1761,2025-11-14 09:00:00,62,C_block
1762,2025-11-14 10:00:00,45,C_block
1763,2025-11-14 11:00:00,46,C_block
1764,2025-11-14 12:00:00,51,C_block
1765,2025-11-14 13:00:00,55,C_block
1766,2025-11-14 14:00:00,60,C_block
1767,2025-11-14 15:00:00,58,C_block
1768,2025-11-14 16:00:00,46,C_block
1769,2025-11-14 17:00:00,64,C_block
1770,2025-11-14 18:00:00,50,C_block
1771,2025-11-14 19:00:00,37,C_block
1772,2025-11-14 20:00:00,36,C_block
1773,2025-11-14 21:00:00,44,C_block
1774,2025-11-14 22:00:00,35,C_block
1775,2025-11-14 23:00:00,35,C_block
1776,2025-11-15 00:00:00,42,C_block
1777,2025-11-15 01:00:00,44,C_block
1778,2025-11-15 02:00:00,36,C_block
1779,2025-11-15 03:00:00,40,C_block
1780,2025-11-15 04:00:00,39,C_block
1781,2025-11-15 05:00:00,43,C_block
1782,2025-11-15 06:00:00,37,C_block
1783,2025-11-15 07:00:00,37,C_block
1784,2025-11-15 08:00:00,39,C_block
1785,2025-11-15 09:00:00,46,C_block
1786,2025-11-15 10:00:00,55,C_block
1787,2025-11-15 11:00:00,54,C_block
1788,2025-11-15 12:00:00,55,C_block
1789,2025-11-15 13:00:00,62,C_block
1790,2025-11-15 14:00:00,64,C_block
1791,2025-11-15 15:00:00,58,C_block
1792,2025-11-15 16:00:00,53,C_block
1793,2025-11-15 17:00:00,48,C_block
1794,2025-11-15 18:00:00,50,C_block
1795,2025-11-15 19:00:00,43,C_block
1796,2025-11-15 20:00:00,36,C_block
1797,2025-11-15 21:00:00,40,C_block
1798,2025-11-15 22:00:00,38,C_block
1799,2025-11-15 23:00:00,44,C_block
1800,2025-11-16 00:00:00,42,C_block
1801,2025-11-16 01:00:00,42,C_block
1802,2025-11-16 02:00:00,44,C_block
1803,2025-11-16 03:00:00,41,C_block
1804,2025-11-16 04:00:00,39,C_block
1805,2025-11-16 05:00:00,41,C_block
1806,2025-11-16 06:00:00,36,C_block
1807,2025-11-16 07:00:00,44,C_block
1808,2025-11-16 08:00:00,36,C_block
1809,2025-11-16 09:00:00,59,C_block
1810,2025-11-16 10:00:00,50,C_block
1811,2025-11-16 11:00:00,45,C_block
1812,2025-11-16 12:00:00,62,C_block
1813,2025-11-16 13:00:00,52,C_block
1814,2025-11-16 14:00:00,57,C_block
1815,2025-11-16 15:00:00,47,C_block
1816,2025-11-16 16:00:00,60,C_block
1817,2025-11-16 17:00:00,51,C_block
1818,2025-11-16 18:00:00,49,C_block
1819,2025-11-16 19:00:00,38,C_block
1820,2025-11-16 20:00:00,35,C_block
1821,2025-11-16 21:00:00,39,C_block
1822,2025-11-16 22:00:00,42,C_block
1823,2025-11-16 23:00:00,43,C_block
1824,2025-11-17 00:00:00,40,C_block
1825,2025-11-17 01:00:00,44,C_block
1826,2025-11-17 02:00:00,38,C_block
1827,2025-11-17 03:00:00,42,C_block
1828,2025-11-17 04:00:00,37,C_block
1829,2025-11-17 05:00:00,43,C_block
1830,2025-11-17 06:00:00,35,C_block
1831,2025-11-17 07:00:00,43,C_block
1832,2025-11-17 08:00:00,41,C_block
1833,2025-11-17 09:00:00,62,C_block
1834,2025-11-17 10:00:00,47,C_block
1835,2025-11-17 11:00:00,50,C_block
1836,2025-11-17 12:00:00,58,C_block
1837,2025-11-17 13:00:00,46,C_block
1838,2025-11-17 14:00:00,52,C_block
1839,2025-11-17 15:00:00,53,C_block
1840,2025-11-17 16:00:00,64,C_block
1841,2025-11-17 17:00:00,60,C_block
1842,2025-11-17 18:00:00,47,C_block
1843,2025-11-17 19:00:00,36,C_block
1844,2025-11-17 20:00:00,38,C_block
1845,2025-11-17 21:00:00,37,C_block
1846,2025-11-17 22:00:00,38,C_block
1847,2025-11-17 23:00:00,38,C_block
1848,2025-11-18 00:00:00,38,C_block
1849,2025-11-18 01:00:00,36,C_block
1850,2025-11-18 02:00:00,43,C_block
1851,2025-11-18 03:00:00,38,C_block
1852,2025-11-18 04:00:00,44,C_block
1853,2025-11-18 05:00:00,35,C_block
1854,2025-11-18 06:00:00,41,C_block
1855,2025-11-18 07:00:00,39,C_block
1856,2025-11-18 08:00:00,44,C_block
1857,2025-11-18 09:00:00,46,C_block
1858,2025-11-18 10:00:00,52,C_block
1859,2025-11-18 11:00:00,63,C_block
1860,2025-11-18 12:00:00,52,C_block
1861,2025-11-18 13:00:00,52,C_block
1862,2025-11-18 14:00:00,58,C_block
1863,2025-11-18 15:00:00,56,C_block
1864,2025-11-18 16:00:00,56,C_block
1865,2025-11-18 17:00:00,63,C_block
1866,2025-11-18 18:00:00,57,C_block
1867,2025-11-18 19:00:00,36,C_block
1868,2025-11-18 20:00:00,43,C_block
1869,2025-11-18 21:00:00,36,C_block
1870,2025-11-18 22:00:00,43,C_block
1871,2025-11-18 23:00:00,43,C_block
1872,2025-11-19 00:00:00,39,C_block
1873,2025-11-19 01:00:00,39,C_block
1874,2025-11-19 02:00:00,36,C_block
1875,2025-11-19 03:00:00,37,C_block
1876,2025-11-19 04:00:00,41,C_block
1877,2025-11-19 05:00:00,35,C_block
1878,2025-11-19 06:00:00,35,C_block
1879,2025-11-19 07:00:00,39,C_block
1880,2025-11-19 08:00:00,42,C_block
1881,2025-11-19 09:00:00,47,C_block
1882,2025-11-19 10:00:00,49,C_block
1883,2025-11-19 11:00:00,62,C_block
1884,2025-11-19 12:00:00,47,C_block
1885,2025-11-19 13:00:00,45,C_block
1886,2025-11-19 14:00:00,48,C_block
1887,2025-11-19 15:00:00,45,C_block
1888,2025-11-19 16:00:00,53,C_block
1889,2025-11-19 17:00:00,50,C_block
1890,2025-11-19 18:00:00,48,C_block
1891,2025-11-19 19:00:00,44,C_block
1892,2025-11-19 20:00:00,42,C_block
1893,2025-11-19 21:00:00,36,C_block
1894,2025-11-19 22:00:00,37,C_block
1895,2025-11-19 23:00:00,41,C_block
1896,2025-11-20 00:00:00,37,C_block
1897,2025-11-20 01:00:00,36,C_block
1898,2025-11-20 02:00:00,35,C_block
1899,2025-11-20 03:00:00,42,C_block
1900,2025-11-20 04:00:00,41,C_block
1901,2025-11-20 05:00:00,35,C_block
1902,2025-11-20 06:00:00,42,C_block
1903,2025-11-20 07:00:00,44,C_block
1904,2025-11-20 08:00:00,36,C_block
1905,2025-11-20 09:00:00,61,C_block
1906,2025-11-20 10:00:00,61,C_block
1907,2025-11-20 11:00:00,55,C_block
1908,2025-11-20 12:00:00,52,C_block
1909,2025-11-20 13:00:00,60,C_block
1910,2025-11-20 14:00:00,61,C_block
1911,2025-11-20 15:00:00,62,C_block
1912,2025-11-20 16:00:00,56,C_block
1913,2025-11-20 17:00:00,52,C_block
1914,2025-11-20 18:00:00,54,C_block
1915,2025-11-20 19:00:00,42,C_block
1916,2025-11-20 20:00:00,38,C_block
1917,2025-11-20 21:00:00,42,C_block
1918,2025-11-20 22:00:00,41,C_block
1919,2025-11-20 23:00:00,43,C_block
1920,2025-11-21 00:00:00,35,C_block
1921,2025-11-21 01:00:00,42,C_block
1922,2025-11-21 02:00:00,37,C_block
1923,2025-11-21 03:00:00,36,C_block
1924,2025-11-21 04:00:00,40,C_block
1925,2025-11-21 05:00:00,37,C_block
1926,2025-11-21 06:00:00,42,C_block
1927,2025-11-21 07:00:00,36,C_block
1928,2025-11-21 08:00:00,35,C_block
1929,2025-11-21 09:00:00,50,C_block
1930,2025-11-21 10:00:00,57,C_block
1931,2025-11-21 11:00:00,47,C_block
1932,2025-11-21 12:00:00,49,C_block
1933,2025-11-21 13:00:00,58,C_block
1934,2025-11-21 14:00:00,46,C_block
1935,2025-11-21 15:00:00,62,C_block
1936,2025-11-21 16:00:00,62,C_block
1937,2025-11-21 17:00:00,61,C_block
1938,2025-11-21 18:00:00,59,C_block
1939,2025-11-21 19:00:00,36,C_block
1940,2025-11-21 20:00:00,35,C_block
1941,2025-11-21 21:00:00,38,C_block
1942,2025-11-21 22:00:00,43,C_block
1943,2025-11-21 23:00:00,35,C_block
1944,2025-11-22 00:00:00,40,C_block
1945,2025-11-22 01:00:00,44,C_block
1946,2025-11-22 02:00:00,42,C_block
1947,2025-11-22 03:00:00,41,C_block
1948,2025-11-22 04:00:00,38,C_block
1949,2025-11-22 05:00:00,37,C_block
1950,2025-11-22 06:00:00,36,C_block
1951,2025-11-22 07:00:00,39,C_block
1952,2025-11-22 08:00:00,37,C_block
1953,2025-11-22 09:00:00,64,C_block
1954,2025-11-22 10:00:00,56,C_block
1955,2025-11-22 11:00:00,58,C_block
1956,2025-11-22 12:00:00,53,C_block
1957,2025-11-22 13:00:00,63,C_block
1958,2025-11-22 14:00:00,54,C_block
1959,2025-11-22 15:00:00,58,C_block
1960,2025-11-22 16:00:00,64,C_block
1961,2025-11-22 17:00:00,55,C_block
1962,2025-11-22 18:00:00,63,C_block
1963,2025-11-22 19:00:00,37,C_block
1964,2025-11-22 20:00:00,36,C_block
1965,2025-11-22 21:00:00,37,C_block
1966,2025-11-22 22:00:00,40,C_block
1967,2025-11-22 23:00:00,40,C_block
1968,2025-11-23 00:00:00,35,C_block
1969,2025-11-23 01:00:00,35,C_block
1970,2025-11-23 02:00:00,44,C_block
1971,2025-11-23 03:00:00,40,C_block
1972,2025-11-23 04:00:00,40,C_block
1973,2025-11-23 05:00:00,42,C_block
1974,2025-11-23 06:00:00,37,C_block
1975,2025-11-23 07:00:00,44,C_block
1976,2025-11-23 08:00:00,38,C_block
1977,2025-11-23 09:00:00,48,C_block
1978,2025-11-23 10:00:00,53,C_block
1979,2025-11-23 11:00:00,56,C_block
1980,2025-11-23 12:00:00,64,C_block
1981,2025-11-23 13:00:00,63,C_block
1982,2025-11-23 14:00:00,58,C_block
1983,2025-11-23 15:00:00,45,C_block
1984,2025-11-23 16:00:00,48,C_block
1985,2025-11-23 17:00:00,60,C_block
1986,2025-11-23 18:00:00,54,C_block
1987,2025-11-23 19:00:00,43,C_block
1988,2025-11-23 20:00:00,35,C_block
1989,2025-11-23 21:00:00,39,C_block
1990,2025-11-23 22:00:00,38,C_block
1991,2025-11-23 23:00:00,38,C_block
1992,2025-11-24 00:00:00,35,C_block
1993,2025-11-24 01:00:00,40,C_block
1994,2025-11-24 02:00:00,35,C_block
1995,2025-11-24 03:00:00,37,C_block
1996,2025-11-24 04:00:00,38,C_block
1997,2025-11-24 05:00:00,37,C_block
1998,2025-11-24 06:00:00,44,C_block
1999,2025-11-24 07:00:00,35,C_block
2000,2025-11-24 08:00:00,42,C_block
2001,2025-11-24 09:00:00,48,C_block
2002,2025-11-24 10:00:00,55,C_block
2003,2025-11-24 11:00:00,50,C_block
2004,2025-11-24 12:00:00,56,C_block
2005,2025-11-24 13:00:00,63,C_block
2006,2025-11-24 14:00:00,45,C_block
2007,2025-11-24 15:00:00,46,C_block
2008,2025-11-24 16:00:00,51,C_block
2009,2025-11-24 17:00:00,63,C_block
2010,2025-11-24 18:00:00,46,C_block
2011,2025-11-24 19:00:00,42,C_block
2012,2025-11-24 20:00:00,37,C_block
2013,2025-11-24 21:00:00,40,C_block
2014,2025-11-24 22:00:00,43,C_block
2015,2025-11-24 23:00:00,38,C_block
2016,2025-11-25 00:00:00,44,C_block
2017,2025-11-25 01:00:00,35,C_block
2018,2025-11-25 02:00:00,44,C_block
2019,2025-11-25 03:00:00,42,C_block
2020,2025-11-25 04:00:00,43,C_block
2021,2025-11-25 05:00:00,43,C_block
2022,2025-11-25 06:00:00,38,C_block
2023,2025-11-25 07:00:00,35,C_block
2024,2025-11-25 08:00:00,42,C_block
2025,2025-11-25 09:00:00,64,C_block
2026,2025-11-25 10:00:00,60,C_block
2027,2025-11-25 11:00:00,53,C_block
2028,2025-11-25 12:00:00,53,C_block
2029,2025-11-25 13:00:00,46,C_block
2030,2025-11-25 14:00:00,49,C_block
2031,2025-11-25 15:00:00,55,C_block
2032,2025-11-25 16:00:00,52,C_block
2033,2025-11-25 17:00:00,62,C_block
2034,2025-11-25 18:00:00,50,C_block
2035,2025-11-25 19:00:00,43,C_block
2036,2025-11-25 20:00:00,39,C_block
2037,2025-11-25 21:00:00,40,C_block
2038,2025-11-25 22:00:00,43,C_block
2039,2025-11-25 23:00:00,35,C_block
2040,2025-11-26 00:00:00,42,C_block
2041,2025-11-26 01:00:00,0,C_block
2042,2025-11-26 02:00:00,40,C_block
2043,2025-11-26 03:00:00,44,C_block
2044,2025-11-26 04:00:00,36,C_block
2045,2025-11-26 05:00:00,38,C_block
2046,2025-11-26 06:00:00,40,C_block
2047,2025-11-26 07:00:00,42,C_block
2048,2025-11-26 08:00:00,39,C_block
2049,2025-11-26 09:00:00,61,C_block
2050,2025-11-26 10:00:00,61,C_block
2051,2025-11-26 11:00:00,47,C_block
2052,2025-11-26 12:00:00,47,C_block
2053,2025-11-26 13:00:00,54,C_block
2054,2025-11-26 14:00:00,64,C_block
2055,2025-11-26 15:00:00,55,C_block
2056,2025-11-26 16:00:00,54,C_block
2057,2025-11-26 17:00:00,63,C_block
2058,2025-11-26 18:00:00,61,C_block
2059,2025-11-26 19:00:00,36,C_block
2060,2025-11-26 20:00:00,43,C_block
2061,2025-11-26 21:00:00,42,C_block
2062,2025-11-26 22:00:00,41,C_block
2063,2025-11-26 23:00:00,38,C_block
2064,2025-11-27 00:00:00,44,C_block
2065,2025-11-27 01:00:00,44,C_block
2066,2025-11-27 02:00:00,36,C_block
2067,2025-11-27 03:00:00,39,C_block
2068,2025-11-27 04:00:00,43,C_block
2069,2025-11-27 05:00:00,36,C_block
2070,2025-11-27 06:00:00,39,C_block
2071,2025-11-27 07:00:00,43,C_block
2072,2025-11-27 08:00:00,44,C_block
2073,2025-11-27 09:00:00,61,C_block
2074,2025-11-27 10:00:00,46,C_block
2075,2025-11-27 11:00:00,55,C_block
2076,2025-11-27 12:00:00,57,C_block
2077,2025-11-27 13:00:00,49,C_block
2078,2025-11-27 14:00:00,59,C_block
2079,2025-11-27 15:00:00,64,C_block
2080,2025-11-27 16:00:00,62,C_block
2081,2025-11-27 17:00:00,61,C_block
2082,2025-11-27 18:00:00,57,C_block
2083,2025-11-27 19:00:00,38,C_block
2084,2025-11-27 20:00:00,44,C_block
2085,2025-11-27 21:00:00,40,C_block
2086,2025-11-27 22:00:00,44,C_block
2087,2025-11-27 23:00:00,41,C_block
2088,2025-11-28 00:00:00,43,C_block
2089,2025-11-28 01:00:00,36,C_block
2090,2025-11-28 02:00:00,43,C_block
2091,2025-11-28 03:00:00,40,C_block
2092,2025-11-28 04:00:00,39,C_block
2093,2025-11-28 05:00:00,42,C_block
2094,2025-11-28 06:00:00,37,C_block
2095,2025-11-28 07:00:00,36,C_block
2096,2025-11-28 08:00:00,38,C_block
2097,2025-11-28 09:00:00,59,C_block
2098,2025-11-28 10:00:00,45,C_block
2099,2025-11-28 11:00:00,53,C_block
2100,2025-11-28 12:00:00,64,C_block
2101,2025-11-28 13:00:00,45,C_block
2102,2025-11-28 14:00:00,51,C_block
2103,2025-11-28 15:00:00,62,C_block
2104,2025-11-28 16:00:00,63,C_block
2105,2025-11-28 17:00:00,63,C_block
2106,2025-11-28 18:00:00,45,C_block
2107,2025-11-28 19:00:00,39,C_block
2108,2025-11-28 20:00:00,38,C_block
2109,2025-11-28 21:00:00,36,C_block
2110,2025-11-28 22:00:00,38,C_block
2111,2025-11-28 23:00:00,35,C_block
2112,2025-11-29 00:00:00,39,C_block
2113,2025-11-29 01:00:00,37,C_block
2114,2025-11-29 02:00:00,38,C_block
2115,2025-11-29 03:00:00,38,C_block
2116,2025-11-29 04:00:00,44,C_block
2117,2025-11-29 05:00:00,43,C_block
2118,2025-11-29 06:00:00,44,C_block
2119,2025-11-29 07:00:00,39,C_block
2120,2025-11-29 08:00:00,42,C_block
2121,2025-11-29 09:00:00,49,C_block
2122,2025-11-29 10:00:00,50,C_block
2123,2025-11-29 11:00:00,58,C_block
2124,2025-11-29 12:00:00,47,C_block
2125,2025-11-29 13:00:00,50,C_block
2126,2025-11-29 14:00:00,58,C_block
2127,2025-11-29 15:00:00,48,C_block
2128,2025-11-29 16:00:00,54,C_block
2129,2025-11-29 17:00:00,62,C_block
2130,2025-11-29 18:00:00,56,C_block
2131,2025-11-29 19:00:00,40,C_block
2132,2025-11-29 20:00:00,38,C_block
2133,2025-11-29 21:00:00,35,C_block
2134,2025-11-29 22:00:00,40,C_block
2135,2025-11-29 23:00:00,41,C_block
2136,2025-11-30 00:00:00,44,C_block
2137,2025-11-30 01:00:00,36,C_block
2138,2025-11-30 02:00:00,41,C_block
2139,2025-11-30 03:00:00,36,C_block
2140,2025-11-30 04:00:00,39,C_block
2141,2025-11-30 05:00:00,40,C_block
2142,2025-11-30 06:00:00,41,C_block
2143,2025-11-30 07:00:00,39,C_block
2144,2025-11-30 08:00:00,36,C_block
2145,2025-11-30 09:00:00,56,C_block
2146,2025-11-30 10:00:00,64,C_block
2147,2025-11-30 11:00:00,46,C_block
2148,2025-11-30 12:00:00,58,C_block
2149,2025-11-30 13:00:00,47,C_block
2150,2025-11-30 14:00:00,61,C_block
2151,2025-11-30 15:00:00,58,C_block
2152,2025-11-30 16:00:00,58,C_block
2153,2025-11-30 17:00:00,61,C_block
2154,2025-11-30 18:00:00,56,C_block
2155,2025-11-30 19:00:00,43,C_block
2156,2025-11-30 20:00:00,36,C_block
2157,2025-11-30 21:00:00,36,C_block
2158,2025-11-30 22:00:00,44,C_block
2159,2025-11-30 23:00:00,44,C_block
